datasetKey,nOccurrencesInDerivedDataset
00255299-4034-4f8d-86ed-805dacc0ec5d,31
00456d9f-634c-4366-a3f0-791f9676563a,2
0096dfc0-9925-47ef-9700-9b77814295f1,874
014f3d14-a409-4090-b690-a10bd18e6e62,40
01536750-8af5-430c-b0e2-077dee7f7d5f,7
015ff14b-bc6e-4631-a34c-2af4f512c888,2
026af01f-d227-476f-9e81-d5273eca6a2b,9
0284b82d-cdd1-4d67-83bd-c8e42e988adb,350
02d1e772-54ee-4767-b4b8-c35f0c7270ba,1570
02fbd55d-d574-460b-bccc-d9a2eab564f0,72
0348540a-e644-4496-89d3-c257da9ad776,8
03c127a4-ac74-42fa-8254-9fa7fdf09d5d,170
03d13f7f-fe29-4558-8869-9896b102f4f9,3
04106094-0ced-419a-8216-17efdae78b90,48
042f54ba-58de-454d-a9f0-ee548e2fe438,12
04376115-6207-4af2-8d51-d71f5fbb21be,53
05b22baa-5b85-4212-a93a-2fe81f5254dd,134
0645ccdb-e001-4ab0-9729-51f1755e007e,82497
066c8a43-ce9f-4cf3-a428-44fb698f079b,18995
07609307-26f9-490f-89ea-4e74497e3c0d,208
0777230d-c252-4f99-9c16-cc63c09dfd52,385
07a5ec6c-e271-4d6a-865c-7f9a6b484514,4763
082cd887-844e-4545-a15e-02578d3a672d,241
08afaadf-34ba-4aeb-be23-027da1e38676,16
094d437c-6453-488c-803d-7fc243d9d730,15
09c38deb-8674-446e-8be8-3347f6c094ef,7261
09d66ac8-a0d2-419b-a566-e36d2d33a44a,3
0a013f89-5381-4578-9d82-5f28fd5f1ef6,5276
0a2b1b5e-eaae-4bd5-847a-26b3e27116a5,158
0a7c5a4e-db9b-4349-a793-ef4b3ef9e025,326
0afba960-be3b-4202-a7de-736ae05aec9e,27
0b328835-ea95-4ec3-a0f4-dd2dba993f1f,6
0b394791-e0c5-4f94-bc8e-bbfe5c32920d,1
0c2b68be-1332-4cdc-880a-0c9a835467a0,1
0cbde2ee-4dc2-42c6-b345-e63887411199,46
0ce9ca26-0e89-4f63-94fe-124d47a4451a,162
0d6cd6f4-b240-4fcf-9118-d2d7659e8342,1234
0d7413fd-1cdb-4435-b3c0-dc1218cc19ee,3
0d8cc344-d880-42ec-a200-40b4ad71affd,67903
0d9accc4-309d-44ad-901e-f221e1d0ec80,4004
0de20c27-792a-461b-ae59-3ab8221a1113,952
0e2d604a-0ba5-4ed9-ae7a-31ceac2aa1fb,82
0e2f9870-33bf-4ad9-a6cf-379169b428cd,1
0eacbbfa-45b9-41dc-b7e3-1f0773ce1477,13157
0eb4ad83-f80d-4d86-83d8-f3a55ddd216f,51
0eca5dd3-55ec-4c0e-ba89-972b40786343,3
0efbb3b3-6473-414a-af91-cdbcbcd8aba1,5084
0ffe005a-c42f-4d74-b3d7-b400048ee8b7,2
10a90c7d-6459-45b3-a0f2-a507a54bbc9f,2
10cb9850-c9ca-4cc1-a041-a43cf6634d36,21
11314af8-aad0-4414-a961-e91b88fd4abb,4
116f7655-c1cc-475e-a567-2f5f2b358f73,659
1179f3c2-4501-4d27-b5f7-1e3440de12e7,142
11f7be1d-fdf3-4753-bfb0-c61ddbde3303,1
1218ac4d-966d-48a9-8368-981aa4f7a907,794
12390b9a-b506-4a76-a7b7-6585a576275a,5
126340b0-b00e-44df-9702-e6b6bcdabf27,21
12c99f46-685a-4e09-8917-e43e0c1fd63a,105
12f9b2e6-7b63-4bc9-81df-48808a45d568,39
130eea59-ef11-4fb4-91c7-ad51fe5af069,162
139a966c-22d5-486b-bff2-cfcbccd6fdfc,236
147834a9-fbff-4357-b8b8-e755c62df2ce,10472
14c7ada0-fec5-422c-bb2e-a529df8a0ffc,13
14d5676a-2c54-4f94-9023-1e8dcd822aa0,1875
14df967d-1720-4be2-88be-5e9bbda53991,8
16e7e918-38c8-4679-a612-22d933d34946,164
170fd706-23a1-4036-b29e-57f4b2cb7bed,516
178db2b3-112b-4146-abb2-87a13cf3a660,1
178f1599-b6a2-4f49-b10e-add00387711f,3
17a8203e-9d1b-4d70-86e0-f55ea53148b1,122
1876c0d1-bc99-42e6-bf9e-f9e4831023e0,189
19369ff7-ef17-44ef-8df2-c02b3132fffd,332
19979096-dada-4247-a5f9-92601a933221,28
19cb2741-a430-4139-8680-e11eba996978,41
1a6d5bcd-cb62-468f-967f-fd25e18c3b8c,2483
1aaa6e74-593c-4a7c-a83e-ca8cbb4c6511,1214
1abb010f-6a79-439f-9cb1-66f210c74c71,3
1b11a5e3-6991-44fd-848b-6fd9c1368c58,6
1b4f3056-a565-4b7e-abff-a996105000e5,4
1ba9fcec-441b-44ad-97fc-896240427039,11
1beb7859-5eba-42a3-8aec-843e63d16185,27
1c00952b-574b-4307-9b07-6ae9ef4dd44d,67
1c2d9ae7-5518-40e2-8e12-1bc7e6a1d641,12
1c736f5f-18d4-40d3-b25a-ec9d3c3500c7,2484
1c8154f9-a6a9-4302-b09a-78ab079dccc8,18
1ca5dd25-ba19-4e22-9890-2755c51ecc4b,5
1cd10854-e401-4822-ae48-adaeeedc647d,7012
1cd2fdd6-24d3-4402-905f-8a72ddffd3ad,1
1cfc1912-b20c-4a51-8935-999d3580e398,26
1d44c7cb-33bb-4198-bdba-9114d10a68f0,13
1d9d4582-b0aa-4e91-96cb-f80a0de21680,637
1ebea052-40f2-4544-831b-869591067a80,21
1edd9aea-2fc9-4789-abc6-7826e88af037,5
1f0ac511-f71d-46f6-9ae8-87e1d6b69e92,10
1f180ec9-b5cc-4417-a700-51a7eb3c415b,314
1f523a5d-5349-467c-a5ef-f688c38106b5,2
202af80e-3bd1-4856-9f67-833588872230,71
2092da06-aade-460b-9525-3098eca9abbc,28
20e3fcbb-c285-49ee-a93d-cc6ccd06ca9e,52164
20f7dc5e-f6b6-4cba-8db3-4a522b7d08d8,168
2120e938-254a-4de9-a5d4-2e7b4d7a5493,55
2150bbfa-51d0-4557-ab15-fb9459881eb7,584
217a1e61-33a1-471e-bb05-76cd2e22cb06,94
219285f8-b3c9-4c34-963e-bdd3c14692fd,418
21bf0727-d25f-4bf0-bcd7-2e103527cf1f,2
2229752a-7d50-4632-a338-0930a6d792d1,5
22eda51a-cffe-4c7e-b974-446a5fb0e1bb,31
23217c21-b3e3-4a39-b699-14924cdc1ad3,3100
233ba471-91a2-47a4-9946-b7e844f2124c,595
23ec2d04-c0eb-4ca4-afb8-a8710e38f641,3864
244de083-48f9-4000-b8bf-8988e5d063aa,1
245ba352-b580-46bf-aa17-1ba70ee750fc,64
249791f0-eb16-40ec-830d-68506a611578,3
24baf0da-60a9-4a13-99d7-a8c860c3cb30,48844
253ec34a-3492-45b5-a8df-d01ebde24bd2,210
25c6f98b-1820-4822-b575-a192eec9c321,447
25d4f82b-b2bc-4197-bc11-27c8e9a25439,12075
25e3e8f1-86ee-440c-adfc-8e63759a6505,646
26e9823f-0545-4b67-9e6d-30b16d657835,1104
27108396-6c3d-4bbd-a98f-7b8fcce2f12b,61
271c444f-f8d8-4986-b748-e7367755c0c1,87897
27268afd-83c0-4299-bb5e-7748e037c196,1
2819ce12-fa31-4df2-81e7-296f1ef493d1,106
284f1484-10b7-4ef5-87b7-9de1159e6b42,418
286f4782-2f06-41e2-8c09-002607f599d4,10
289f4bfc-4460-43c4-bd43-5248e32f53be,10858
28de8f2c-9737-4d46-bfc2-6d8cf2efcfee,3
295b6ac2-7fd6-4920-875c-b8752f4df9a1,9
2985efd1-45b1-46de-b6db-0465d2834a5a,8179
29c1d93e-fff9-45c8-8b28-5761b2bcdf64,123
29ce88ff-5cf1-47fd-af44-8477c52c910c,777
2a101f26-35e1-4197-94ec-bd25033292a7,65
2a1ecb70-00a2-46c3-bc8b-94d8f2eeb0bb,3
2a513d16-f4ce-4252-974f-2486ce70b788,40146
2a54253f-401a-4c0c-8abf-bd9b5cdc8011,377
2a5ec2a2-ca47-469c-9ccd-43826d9bf7a8,21
2a6a151d-f079-4bff-89ac-6ba3e9588a21,141
2aaf8ea9-0460-41d2-a651-3583479947c6,875
2ab2941b-3c00-408a-a7f3-5275ad7d1216,3
2ac4b2f0-9887-4d25-a8fa-f94391e87919,2
2ae1fe04-6f12-4766-bdee-50e5b2dc1148,33
2b87996c-8a30-4b2c-aca5-effa7d0fd0a7,9
2bbdfd35-4881-4ce2-a0e5-6d457f01f3cc,24
2bee4a91-9d92-430e-a87e-ab32d3b1ce47,8
2bf7b2c0-34dc-4458-8ee4-4f99fac03b33,42
2c28a663-db16-48d3-9cd0-3c7ec8d8d873,656
2c5b0d56-93bf-43d8-870f-adfd8c4c2c39,14285
2c7c72b2-ac29-4be3-a95f-6b09e8f4b932,909
2c913302-43b2-4e8e-813f-2d6bb33f4c7e,30
2ce65268-cf51-4ecb-bb36-ce615564c255,252
2d519945-a6de-49ee-96e3-de80099cc339,108
2d684bb5-ea11-4709-ae12-8fc0a800287f,7192
2da4d785-ad98-40bd-9cd9-2285c19285e9,1
2dfafe29-f0ae-4668-9e03-d0aa7e80dd8d,34
2e102194-f384-4712-89a4-5db7a3fc409a,299
2e13e783-dbff-4ecf-a3ff-f1bb434fec81,189
2e409ff6-7714-417e-89ef-678207f66071,89
2e4cc37b-302e-4f1b-bbbb-1f674ff90e14,16218
2eb5a1d1-0436-4d3d-af87-2842ddd86c36,65
2f41cb78-04a3-4322-ab2d-1eaa2c296aa4,6
2f63bb07-dbb6-4f9f-9507-ff75f77a4512,7
2f7d526c-750a-41ae-a98e-ddcfb6550d79,39
2f8ec7b5-87d7-43d4-bafc-2de617998c34,12
2fa46259-69f3-4fe0-946a-b64f3e61d83b,104
2fac9c25-36ec-4291-afdb-15674e5b71cc,1
2fb91891-0466-44c1-ae72-bad4d372a1bf,15
3006c2fd-b596-4368-b3b0-fd06116251da,1
304d9604-b355-43b9-be0b-623b1711cd5e,1
307ddcff-6195-4f43-8f49-515ccca112a7,171
312bb844-4980-4b1a-a64b-e79f9ac083a4,8586
3186cd3f-a7d0-4e64-bb60-630e20a47fa6,563
31da52cd-6114-439d-be0a-700bf52de8f3,151
31fa7438-297c-4d4c-897b-668c9a921d72,2
31fa9834-6779-4249-8007-a1db79970d65,2
3236cdc4-2f4d-4bd6-b53f-54fd8d8a0aa8,1466
32682bd4-45ff-472b-b4fa-eb75d271c1ce,213
32acd21c-e784-4b54-96c1-8c0b315bf3d5,1
32af8256-1d91-4f32-8bca-d6339576938f,28
33325913-c769-48ca-b7fc-1d22dfa9beee,1
33785ae9-207b-4cad-9511-56d8a6ee58a3,2
3427d02c-2723-47b5-913b-9193269f0a6d,1957
344742ba-29c4-4349-9b63-ad33f4a61067,4
345820cc-a0a8-4d76-b7eb-fba85b21ad08,2
345d33dc-e7f7-4da8-980d-e7e66acab754,78
35752720-9dc9-40ce-aea5-63915e8aeb0e,603
359fc1ba-09d2-4d50-89ba-68eb702236f7,1
35cfb386-7bd4-40a8-ba95-813b5f827671,19
35db6844-23dd-43c0-a247-9f4fa1c9faf0,6
3605fc59-7500-46c6-9451-b8967f5783ac,6
36555a0c-8361-42c4-9f78-805816266f2e,146338
36d27777-f6fa-454e-9a70-c4e9a8a547f3,6
378264b9-9622-4dc0-9b18-b39818c8898e,203
37beb6ea-e591-41e3-b781-e384250dc42c,48902
37d71109-216b-461d-b3a4-a100eef077cc,40
37dddcd2-ed51-4ada-86df-37449162f404,27
37e09252-7afd-43fa-825a-9eef15614ad7,322
37f48e00-1fe8-11dc-b461-b8a03c50a862,135550
380a3068-382a-4435-af14-951a8051ea7a,23
381802fd-f387-4d3e-a4d4-de13d5cdb3fa,9
38637c59-74bd-435d-a924-77f17c4f4e60,4
38b496a8-65cf-4278-b4f1-3be314bba3af,520
38b4c89f-584c-41bb-bd8f-cd1def33e92f,699029
39131221-61c0-417e-a0c6-dc00745917a7,347
39424411-12e2-46c0-ac1f-086fa430aa53,449
39648a70-b461-11dc-bc42-b8a03c50a862,470
3965d122-ad7d-463e-90be-7eaa006bea18,2169
3995de8f-297d-4e5a-ac3a-0aacf521b24c,41
39a96bb1-2fbd-4994-92f3-c1fc79b1bba3,20
39cade9c-de7d-49e3-968f-d643fa079240,25
3a042642-8151-4ed9-871b-72062df75838,1
3a489e55-ec80-4c62-b6aa-4911372d23c2,3
3b6501fe-b73c-4f74-bd36-106ef7d790d0,1773
3b7c6871-7f02-4990-a684-c43800ce373d,5
3b7f6307-2f03-4f25-9f64-6aa4c3a3aea1,161
3bb78aab-ab42-4841-ac01-3104f8456909,4
3bba0dca-3c66-42fc-9757-da16f431a72c,2
3c089a4c-c5af-4fa0-b46f-1885036b82f4,32
3c22cbde-5f40-4173-a9d3-f068547b660f,1
3c2fb76f-ed3f-40dc-bb40-21adbbd857d5,558
3c3a7955-e23b-45f7-ab29-fe8bc5876585,2611
3c9dfc49-713a-4235-ab0a-947b6840fd4d,6
3cbee9c6-bd69-4fef-aedd-5cda2d2d7781,23
3cf0df27-6416-46a2-ad5e-7d970e5d1a19,111
3d1231e8-2554-45e6-b354-e590c56ce9a8,161
3d6d0a53-8d72-4271-8bf4-ce272caa8d83,336
3dc2a7f6-8d3a-4228-a69c-ec795028fe2f,2862
3e0b024b-ea38-4e78-a97a-9c7544beeea3,58
3e2a280e-33ab-449d-a543-dc97e96a664b,66
3e2c98bb-44f8-4c93-8dfb-ac7f0c21f399,10811
3e95aa8e-a40c-4d34-ad11-7560484f1ff9,1
3ea595af-7af0-44b6-9253-f5c120dbac73,10
3eac82ac-f6e9-4637-b307-2ead71525d25,173
3eb94dd5-c5d2-4a55-947c-7a4d3535ced8,2
3f613fa3-be9e-4eee-9f88-2636b34d54d0,9
3f754072-f6af-42ae-812c-22830062b341,164
3fa9349b-6507-4019-b956-fa3f989c854b,5
3fab912e-e927-4f1c-a97c-eb446cd609e0,180
4023704c-4363-4064-9ce7-fff06176e15d,1
418a6571-b6c1-4db0-b90e-8f36bde4c80e,1992
41d66e74-20bb-4837-aa73-08a03aef9a70,522
41e8840e-57eb-40d4-a1ac-cfda408bc871,2643
42301ebf-d36a-4e4f-a061-d37d778c2365,1
42696cfe-b0fb-459b-9f69-bda6746910e1,1236
43027054-3812-4599-b7bc-a01f1df5b071,6238
43785b7f-8bf6-48cc-90ba-cf6821db7637,1004
43a2e77a-5ad9-40b1-bc62-7a964ffa3210,18
43b370d3-2980-4ab3-998b-b467b2194a79,202
43e642eb-2485-4e5b-9f19-ddba5fabf9ab,51
44f91be3-bac6-4280-bb01-6888b0f94181,362
45da0008-5259-468a-b540-393ebd974b0d,3
4669cfa4-6379-4e7d-8b22-1d977d7d2197,4
47010b29-1e8f-44df-9446-07057c4e1050,3
47ad77fd-6717-4215-b62c-8a300e5a89e4,22
47bbfddf-0e5f-4182-9725-c4f1f718732b,126
47c1f414-e3d6-4035-a522-bde274d2afcd,1
480d9ab0-c682-4cd6-ba78-38cf9ef91087,876
492d63a8-4978-4bc7-acd8-7d0e3ac0e744,4817
494ba938-4fbe-4771-99ac-57f7eafd7c66,11
49604496-95c1-453f-93f3-590b56e57f78,19
499d6265-d9fb-44d4-aec9-02c8bf6cc712,2364
499f7f48-56fc-44a6-b5a4-d4f5e4bfdd97,54
49e2373b-a93a-4943-ae4b-92d54f30971b,27
4a3999b7-f5ce-4b5d-a063-2166d762ba22,6
4a7f53e7-3835-4f02-ad40-cf6e5219d910,11
4a832966-48ad-4d83-858c-044705f74cac,5
4a98d3d0-f2e5-4c70-a1f5-3744b218d55d,1
4aaa8072-3711-4668-8276-deef01ad29bc,36
4b09a9fa-7189-45e3-af0c-e31e909c5001,53
4ba838f7-a61e-4bcd-ad2b-bdc01d6485ea,6
4bb3ef51-df03-42f9-8104-76e9446367b8,5
4bd64435-fb04-494a-a344-0218ea59a7d4,165
4bf3fdf7-5a89-4da4-8994-108a8ecfaf7b,250
4c7fac39-7664-43a9-a01d-6eac3305784e,1
4d05b629-7870-4bea-ad52-37a43d2b7e37,10
4d1bd299-2435-47e2-8fe1-ac949394a40d,9
4d749d70-e2e1-11dd-8102-b8a03c50a862,384
4da624f0-6fb5-4158-af7e-ba9fc3431079,1
4db1f3ca-02e6-4b42-880c-981d7cc76a82,203
4dcfa4f3-7ebe-47d6-bd93-a85315c9f180,14
4df19e80-d3f3-4d50-9a0d-ab92c84b6fa3,7
4e916dc3-010f-4e23-bbe2-50e04f38b7fc,1
4eaec54e-556d-465c-8525-31fdf978f252,2
4ebe5835-851f-43fd-beed-afade357bfc7,40781
4ec3868e-b460-48f0-bd64-8e5daf392827,2475
4ee0b4a2-7769-417f-abd7-0c8c04a9d44a,43
4ef10600-d213-4777-835d-9e134f5f6335,95
4f334096-7243-4231-bdc5-d8390b4885fc,3
4f354a60-2fc7-4038-b9f3-6cde73367cfc,1
4f6de508-f3f6-4be7-a184-1abee52cac1b,8680
4fb3e6d6-67b7-4b1d-8846-407d4fbf8ce3,8
4ffe09c6-5647-4fe5-b1ed-af4b07be47a6,10
505cabc3-7550-4fd1-96dc-6d77d5ffc6de,157
50804764-9c66-4448-8537-6767167e83c5,1447
50c9509d-22c7-4a22-a47d-8c48425ef4a7,146769
51109185-ab25-4c50-bd7e-31fca996ecfe,18
5140e9ce-ca14-4f1f-a5b3-f9023f4e4043,328
514dc3dd-4723-48a6-a219-8a9ea062a537,17
5159a505-7349-493b-ba39-971824c8c02c,1
5161123f-d807-409a-9d09-a9464cfa4876,7
51d648b8-5d7a-4233-b491-d00a8d54b215,1
520237b3-b0b3-47b5-90e1-af12098d6128,1
520909f1-dbca-411e-996c-448d87c6a700,465
52422715-c1db-40a0-ba16-b84a295d248a,76
52ff421c-ce1a-4724-95af-9bf0d2df14a7,1
530d548b-e415-46cc-844e-fb8d1299f710,4
53c36c0e-ae07-4f51-bc1d-983922c8df73,1
53f13c8f-413e-4537-bda6-98666cd7975f,277342
5445131a-b491-44d8-9974-3ec52bde0c47,123
5466bc63-7244-492a-b5f9-db59abeae3d0,32
547f2b71-ba25-4254-aaf1-4823600e7784,29
54f946aa-2ca9-4a51-9ee5-011219e0381e,2
557146f2-4f90-43ad-a2eb-c4f9ace7a2df,28
5629f624-487c-4317-bf46-86030aec1468,623
563a2a42-3e49-456a-806e-153213f6e097,21
565e1655-fa5a-4449-b595-436df67e6b7b,10
56a946bf-bd42-4a54-8543-4380d92f9762,308
572a4f02-fae9-4052-a10d-03fecbeb18de,49
57886648-0811-497a-8df3-1a140a388fc3,15
57d403f4-9d00-4651-8e26-1f4e81a21181,1089
5841a257-8f7d-433f-8882-5a10e10fd7e3,19
5847c3fb-dce6-4b16-b816-c20635898e04,3
594e1181-c38a-4f44-b78c-ceab50351cca,5705
59670186-8444-4ff7-b2c0-a8e7294e3b22,1
598e2f1d-0f35-4bf4-9fa9-3a63fd6912d9,403
59bc8df0-0c71-11dd-84d4-b8a03c50a862,1255
59f14999-c588-4272-b18a-2ef0cc9fc7b5,6
5a1b62b2-4a1f-4404-b481-87836564d4a5,2848
5a45258b-c70d-4939-81a8-0110065c015c,2
5a6b5bd4-cf31-4d5f-9a85-a331b7178a77,1183
5b96aeff-50f8-4af9-9ccf-e88201fe1205,3
5ba80225-cbaa-403c-ad6e-f1d2063b27ab,1
5c590b76-5874-4bc1-95f3-07d0f0c8b55c,5
5c628ff4-7406-4d8c-9a6b-276eb02eb305,39
5c9aa10c-3d7f-46ab-b06f-11f49ca1a6d3,3
5cc9ff48-37b9-409b-9dfa-9b8b73014f46,24
5cd671a0-8a45-46ea-848e-d782a529cacb,616
5cff5cac-c511-4cb4-89b1-c9a49cc77f49,4
5d243972-6de3-4917-abfc-a2cd0c8438a9,2
5d2f6092-6dcd-496b-abba-6d9e95ccc801,58
5d324121-3c3c-429b-85f5-5f61a967d8c0,261
5d3bd3a3-b4b6-41f5-968d-8b8f99340800,219
5d784d06-fa1d-4f00-8cdc-663d04d26061,1766
5df3c9be-d9a1-4c36-a5bc-bdf88b78dbe3,31
5e2c9b3a-9d7c-4871-af8c-144e4f40e9d2,3
5e34ffdf-2648-4ecf-ab53-555e3d3d8d2b,206
5e39eb71-b166-42b3-8367-6b106d183751,76
5e43a220-a91d-485b-b608-58fd22693be7,587
5e50896f-8bbd-43e7-9ba5-ef7ed7b3e865,18
5e610094-df1e-4073-85cb-260091509e1e,554
5f06e39d-81cf-4606-8891-6db72600231b,77398
5f4ee9ad-6c14-4077-8ddc-62e25c09b3df,39
5f643049-1ace-42ea-8756-b4656171cc53,1
5f65fadb-106f-4d96-95b8-abc7fab492cc,252
5fe48e2c-a83d-43b7-952a-e1e62c49ad23,141
602b5978-0777-41d7-8c9f-44f459b0f8ef,537
60954cb1-3b60-48e7-a2c1-75ffcb6d16cd,223
60de59a4-c428-4d49-873d-b117bea1fcc9,25
61313732-a660-4fdf-9cfb-0d13d4553bbe,118
613eeefc-f762-11e1-a439-00145eb45e9a,3
61401066-f762-11e1-a439-00145eb45e9a,2
614245e8-f762-11e1-a439-00145eb45e9a,5
6143645a-f762-11e1-a439-00145eb45e9a,4
61447af2-f762-11e1-a439-00145eb45e9a,3
61459586-f762-11e1-a439-00145eb45e9a,1
6146b07e-f762-11e1-a439-00145eb45e9a,2
61490c2a-f762-11e1-a439-00145eb45e9a,10
614a2be6-f762-11e1-a439-00145eb45e9a,5
614b4cc4-f762-11e1-a439-00145eb45e9a,1
61510b78-f762-11e1-a439-00145eb45e9a,2
61522f58-f762-11e1-a439-00145eb45e9a,2
6158f5c2-f762-11e1-a439-00145eb45e9a,2
615a1d6c-f762-11e1-a439-00145eb45e9a,10
615d892a-f762-11e1-a439-00145eb45e9a,1
6160f524-f762-11e1-a439-00145eb45e9a,2
61633bf4-f762-11e1-a439-00145eb45e9a,2
61645fd4-f762-11e1-a439-00145eb45e9a,2
6166a992-f762-11e1-a439-00145eb45e9a,7
6168ffc6-f762-11e1-a439-00145eb45e9a,8
616a1dfc-f762-11e1-a439-00145eb45e9a,1
616b40e2-f762-11e1-a439-00145eb45e9a,5
616c5d60-f762-11e1-a439-00145eb45e9a,4
616eaa0c-f762-11e1-a439-00145eb45e9a,3
6171366e-f762-11e1-a439-00145eb45e9a,4
61727cb8-f762-11e1-a439-00145eb45e9a,1
6173ab24-f762-11e1-a439-00145eb45e9a,9
6174d7a6-f762-11e1-a439-00145eb45e9a,2
6175ff28-f762-11e1-a439-00145eb45e9a,5
6178cb40-f762-11e1-a439-00145eb45e9a,1
617a519a-f762-11e1-a439-00145eb45e9a,1
617e46ec-f762-11e1-a439-00145eb45e9a,5
617fbd06-f762-11e1-a439-00145eb45e9a,4
6181d00a-f762-11e1-a439-00145eb45e9a,2
6183020e-f762-11e1-a439-00145eb45e9a,1
61843a52-f762-11e1-a439-00145eb45e9a,5
6189355c-f762-11e1-a439-00145eb45e9a,1
618a60a8-f762-11e1-a439-00145eb45e9a,3
618e7b34-f762-11e1-a439-00145eb45e9a,2
61939e52-f762-11e1-a439-00145eb45e9a,15
61961c0e-f762-11e1-a439-00145eb45e9a,3
619918a0-f762-11e1-a439-00145eb45e9a,6
619a472a-f762-11e1-a439-00145eb45e9a,6
619b7e4c-f762-11e1-a439-00145eb45e9a,1
619f5490-f762-11e1-a439-00145eb45e9a,1
61a0ad90-f762-11e1-a439-00145eb45e9a,1
61a22378-f762-11e1-a439-00145eb45e9a,5
61a4f6b6-f762-11e1-a439-00145eb45e9a,4
61a64322-f762-11e1-a439-00145eb45e9a,2
61a7b838-f762-11e1-a439-00145eb45e9a,1
61a9ca38-b62f-11e2-afcb-00145eb45e9a,1
61aa3630-f762-11e1-a439-00145eb45e9a,1
61ab6690-f762-11e1-a439-00145eb45e9a,22
61ac87be-f762-11e1-a439-00145eb45e9a,5
61ada4b4-f762-11e1-a439-00145eb45e9a,6
61aec72c-f762-11e1-a439-00145eb45e9a,2
61afe076-f762-11e1-a439-00145eb45e9a,1
61b102b2-f762-11e1-a439-00145eb45e9a,2
61b2264c-f762-11e1-a439-00145eb45e9a,3
61b3454a-f762-11e1-a439-00145eb45e9a,2
61b46c9a-f762-11e1-a439-00145eb45e9a,3
61b59ff2-f762-11e1-a439-00145eb45e9a,6
61b96218-f762-11e1-a439-00145eb45e9a,1
61be0dc2-f762-11e1-a439-00145eb45e9a,1
61c06cd4-f762-11e1-a439-00145eb45e9a,1
61c2c40c-f762-11e1-a439-00145eb45e9a,4
61c50f78-f762-11e1-a439-00145eb45e9a,3
61c88f72-f762-11e1-a439-00145eb45e9a,1
61d0a310-f762-11e1-a439-00145eb45e9a,3
61d2ee22-f762-11e1-a439-00145eb45e9a,2
61d9d71e-f762-11e1-a439-00145eb45e9a,1
61dba88c-f762-11e1-a439-00145eb45e9a,1
61ded8a4-f762-11e1-a439-00145eb45e9a,3
61e1f53e-f762-11e1-a439-00145eb45e9a,1
61e67a8c-f762-11e1-a439-00145eb45e9a,2
61e7b424-f762-11e1-a439-00145eb45e9a,1
61e9f5ae-f762-11e1-a439-00145eb45e9a,6
61eb198e-f762-11e1-a439-00145eb45e9a,3
61ec6578-f762-11e1-a439-00145eb45e9a,1
61edb464-f762-11e1-a439-00145eb45e9a,1
61f04620-f762-11e1-a439-00145eb45e9a,1
61f2c5a8-f762-11e1-a439-00145eb45e9a,14
61f41dfe-f762-11e1-a439-00145eb45e9a,1
61f6b230-f762-11e1-a439-00145eb45e9a,1
61fa0bd8-f762-11e1-a439-00145eb45e9a,1
61fb2be4-f762-11e1-a439-00145eb45e9a,2
61feb70a-f762-11e1-a439-00145eb45e9a,1
620122c4-f762-11e1-a439-00145eb45e9a,4
62036e26-f762-11e1-a439-00145eb45e9a,1
6207feb4-f762-11e1-a439-00145eb45e9a,1
620b61d0-f762-11e1-a439-00145eb45e9a,2
620c7d9a-f762-11e1-a439-00145eb45e9a,6
620eb664-f762-11e1-a439-00145eb45e9a,7
620fd832-f762-11e1-a439-00145eb45e9a,4
62132a6e-f762-11e1-a439-00145eb45e9a,1
6219dd46-f762-11e1-a439-00145eb45e9a,1
621c1d4a-f762-11e1-a439-00145eb45e9a,1
621d33ce-f762-11e1-a439-00145eb45e9a,1
621e5a10-f762-11e1-a439-00145eb45e9a,5
621fa58c-f762-11e1-a439-00145eb45e9a,1
6220d650-f762-11e1-a439-00145eb45e9a,15
62237748-f762-11e1-a439-00145eb45e9a,3
62249ae2-f762-11e1-a439-00145eb45e9a,1
6225b5f8-f762-11e1-a439-00145eb45e9a,6
62295492-f762-11e1-a439-00145eb45e9a,2
622aa1f8-f762-11e1-a439-00145eb45e9a,2
622bf4cc-f762-11e1-a439-00145eb45e9a,19
622d24dc-f762-11e1-a439-00145eb45e9a,1
6230a436-f762-11e1-a439-00145eb45e9a,3
6232fd76-f762-11e1-a439-00145eb45e9a,3
62343344-f762-11e1-a439-00145eb45e9a,1
6237c1e4-f762-11e1-a439-00145eb45e9a,2
623a1ba6-f762-11e1-a439-00145eb45e9a,1
623c709a-f762-11e1-a439-00145eb45e9a,1
623ecebc-f762-11e1-a439-00145eb45e9a,3
623ffe40-f762-11e1-a439-00145eb45e9a,2
62412f86-f762-11e1-a439-00145eb45e9a,6
624258b6-f762-11e1-a439-00145eb45e9a,2
62438092-f762-11e1-a439-00145eb45e9a,4
6244a53a-f762-11e1-a439-00145eb45e9a,3
62553bfc-f762-11e1-a439-00145eb45e9a,3
625c474e-f762-11e1-a439-00145eb45e9a,2
627826d0-f762-11e1-a439-00145eb45e9a,1
6281f26e-f762-11e1-a439-00145eb45e9a,3
62833278-f762-11e1-a439-00145eb45e9a,1
628c0696-f762-11e1-a439-00145eb45e9a,4
629befd5-fb45-4365-95c4-d07e72479b37,1174
629c30de-f762-11e1-a439-00145eb45e9a,4
629d61ac-f762-11e1-a439-00145eb45e9a,1
62a271ce-f762-11e1-a439-00145eb45e9a,1
62a3ac06-f762-11e1-a439-00145eb45e9a,1
62a4f78c-f762-11e1-a439-00145eb45e9a,1
62a8bfac-f762-11e1-a439-00145eb45e9a,1
62ab2fb2-f762-11e1-a439-00145eb45e9a,4
62ac7372-f762-11e1-a439-00145eb45e9a,1
62af133e-f762-11e1-a439-00145eb45e9a,2
62b04a74-f762-11e1-a439-00145eb45e9a,1
62b41822-5bdd-4aae-92e5-e013cf3bc8f1,953
62ba4998-f762-11e1-a439-00145eb45e9a,1
62bde850-f762-11e1-a439-00145eb45e9a,2
62bf2df0-f762-11e1-a439-00145eb45e9a,1
62c2f728-f762-11e1-a439-00145eb45e9a,2
62c57912-f762-11e1-a439-00145eb45e9a,3
62c6c79a-f762-11e1-a439-00145eb45e9a,3
62c9640a-f762-11e1-a439-00145eb45e9a,1
62ca9b9a-f762-11e1-a439-00145eb45e9a,2
62cbe734-f762-11e1-a439-00145eb45e9a,2
62ce8b92-f762-11e1-a439-00145eb45e9a,8
62cfcfa2-f762-11e1-a439-00145eb45e9a,1
62d243cc-f762-11e1-a439-00145eb45e9a,1
62d8988a-f762-11e1-a439-00145eb45e9a,28
62dd9ace-f762-11e1-a439-00145eb45e9a,1
62e673a6-f762-11e1-a439-00145eb45e9a,2
62e913cc-f762-11e1-a439-00145eb45e9a,1
62f8496e-f762-11e1-a439-00145eb45e9a,1
62fc2976-f762-11e1-a439-00145eb45e9a,1
63033bda-f762-11e1-a439-00145eb45e9a,1
63035610-b62f-11e2-afcb-00145eb45e9a,6
63098d6e-f762-11e1-a439-00145eb45e9a,2
6318161e-024b-4cf5-b08b-1ba1c98a5c51,144
6323a578-f762-11e1-a439-00145eb45e9a,1
6329f84c-f762-11e1-a439-00145eb45e9a,2
6331966a-f762-11e1-a439-00145eb45e9a,1
633d67ec-f762-11e1-a439-00145eb45e9a,2
6342b404-f762-11e1-a439-00145eb45e9a,1
6353f11a-f762-11e1-a439-00145eb45e9a,4
6360a554-f762-11e1-a439-00145eb45e9a,19
6367cfd2-f762-11e1-a439-00145eb45e9a,6
63692e5e-f762-11e1-a439-00145eb45e9a,4
636bdd34-f762-11e1-a439-00145eb45e9a,1
636e91aa-f762-11e1-a439-00145eb45e9a,31
636fde0c-f762-11e1-a439-00145eb45e9a,4
637136e4-f762-11e1-a439-00145eb45e9a,2
6372948a-f762-11e1-a439-00145eb45e9a,6
6373dcf0-f762-11e1-a439-00145eb45e9a,7
63752b14-f762-11e1-a439-00145eb45e9a,3
63767ffa-f762-11e1-a439-00145eb45e9a,4
6377d5bc-f762-11e1-a439-00145eb45e9a,1
637bc9ce-f762-11e1-a439-00145eb45e9a,1
637d1838-f762-11e1-a439-00145eb45e9a,2
638110a0-f762-11e1-a439-00145eb45e9a,15
6382673e-f762-11e1-a439-00145eb45e9a,1
6383ba1c-f762-11e1-a439-00145eb45e9a,15
63850264-f762-11e1-a439-00145eb45e9a,2
63864a2a-f762-11e1-a439-00145eb45e9a,2
63879c9a-f762-11e1-a439-00145eb45e9a,5
6388eabe-f762-11e1-a439-00145eb45e9a,1
638a47f6-f762-11e1-a439-00145eb45e9a,3
638b97dc-f762-11e1-a439-00145eb45e9a,3
638cedc6-f762-11e1-a439-00145eb45e9a,1
639e7857-14e9-4cc8-98c9-7af17484116f,103
63fce98c-f762-11e1-a439-00145eb45e9a,4
63ffb3ba-f762-11e1-a439-00145eb45e9a,1
64027802-f762-11e1-a439-00145eb45e9a,1
6403d346-f762-11e1-a439-00145eb45e9a,2
64053560-f762-11e1-a439-00145eb45e9a,3
640802ae-f762-11e1-a439-00145eb45e9a,16
6409578a-f762-11e1-a439-00145eb45e9a,3
640aa9c8-f762-11e1-a439-00145eb45e9a,2
640d4de0-f762-11e1-a439-00145eb45e9a,3
64100c74-f762-11e1-a439-00145eb45e9a,1
64116286-f762-11e1-a439-00145eb45e9a,1
6412c3c4-f762-11e1-a439-00145eb45e9a,35
64141e18-f762-11e1-a439-00145eb45e9a,8
64158744-f762-11e1-a439-00145eb45e9a,7
6416f084-f762-11e1-a439-00145eb45e9a,1
64183a5c-f762-11e1-a439-00145eb45e9a,2
641af544-f762-11e1-a439-00145eb45e9a,9
641c5150-f762-11e1-a439-00145eb45e9a,2
641dbefa-f762-11e1-a439-00145eb45e9a,2
642083a6-f762-11e1-a439-00145eb45e9a,7
6421e37c-f762-11e1-a439-00145eb45e9a,1
64232cbe-f762-11e1-a439-00145eb45e9a,4
64248c44-f762-11e1-a439-00145eb45e9a,3
6424b95e-eee2-41fc-9450-bac5d6767525,3
6425e954-f762-11e1-a439-00145eb45e9a,5
64273d68-f762-11e1-a439-00145eb45e9a,2
64289546-f762-11e1-a439-00145eb45e9a,1
6429f56c-f762-11e1-a439-00145eb45e9a,1
642b40f2-f762-11e1-a439-00145eb45e9a,2
642c898a-f762-11e1-a439-00145eb45e9a,9
642df734-f762-11e1-a439-00145eb45e9a,2
642f5c46-f762-11e1-a439-00145eb45e9a,4
6430b122-f762-11e1-a439-00145eb45e9a,4
643222be-f762-11e1-a439-00145eb45e9a,4
6436454c-f762-11e1-a439-00145eb45e9a,3
64379ea6-f762-11e1-a439-00145eb45e9a,2
6438f7b0-f762-11e1-a439-00145eb45e9a,1
644f3a9f-1bbc-4e9d-8fd6-6989eac05371,353
645fdc04-f762-11e1-a439-00145eb45e9a,1
64612a0a-f762-11e1-a439-00145eb45e9a,2
6463e498-f762-11e1-a439-00145eb45e9a,1
64654a36-f762-11e1-a439-00145eb45e9a,2
64708fe0-f762-11e1-a439-00145eb45e9a,1
6471efca-f762-11e1-a439-00145eb45e9a,1
647a6182-f762-11e1-a439-00145eb45e9a,5
647bb5aa-f762-11e1-a439-00145eb45e9a,4
64800c2c-f762-11e1-a439-00145eb45e9a,2
648c7c00-f762-11e1-a439-00145eb45e9a,8
649377bc-f762-11e1-a439-00145eb45e9a,1
649b99c4-f762-11e1-a439-00145eb45e9a,1
649d01d8-f762-11e1-a439-00145eb45e9a,2
649e5f4c-f762-11e1-a439-00145eb45e9a,10
64c316c6-3de1-4d3d-9fa1-84c5a19f2342,65
64dabd3c-4f34-4520-b9dd-d227a0bf1582,129575
6523d1dd-6116-42c7-a118-eb7cae79a84a,11
65d08ad7-7969-4041-b2d2-fdf50742e4d6,18
66178162-01dc-4133-9b3c-83265481c383,278
662a5899-42ba-4ca3-b075-c51d45516ba1,321
6647ca7e-cf35-4eb1-8b0c-b8756a1ba6bd,4
66bd3ed0-4fed-442c-ac0b-17c860583d43,4
66e0591c-cb2e-45b3-a6cd-6e44e1163a83,4
66f6192f-6cc0-45fd-a2d1-e76f5ae3eab2,2
672303ae-0589-4308-9e34-5f386167e60e,270
675a1bfd-9bcc-46ea-a417-1f68f23a10f6,67
6791fdf5-e9c4-430e-ac48-a5791462a969,8
679ad77b-f317-4a1a-b26a-bdbc601a7e64,2
679c0376-3de3-4edb-98d2-32ac4a5dd503,4711
67bb72d9-267e-48fc-bb1c-858025c2f832,30
67f476e6-e50f-4976-9283-b2dd2aa1e556,16
67fabcac-a638-40a6-9bea-aeca8aced9f1,407059
68199ea2-0dfe-4e82-9439-7b13dd6840b6,18
682ad111-d16c-4a31-8044-b7977bc8904a,1380
688862fc-1545-483b-8349-9d7b4f787877,3
688e9ab9-d010-4691-96e0-80ca29323a57,11
689385b6-a672-4919-a4cc-3365c9d5aceb,1
68998c38-2d26-48b4-af53-d64dc4f7dee2,3
68ad7ec2-0f89-4d32-9ad2-650c88899eb8,469
68d15500-0e2d-11de-b8e6-b8a03c50a862,14
694b8003-0ee9-4360-982e-cb7dfb0cafe5,14
69f68599-681c-49b9-bf08-7613331d0323,120
6a122346-08b9-11e3-ab1f-00145eb45e9a,1243
6aa62933-35d4-4e74-af93-0fbc49655547,18586
6ac1d55a-ac4e-455b-b438-befaabe1d8fc,71
6ac3f774-d9fb-4796-b3e9-92bf6c81c084,21806
6aebb29a-4dcd-41cb-be99-e08865e422d8,1
6b3877d5-4869-43aa-af12-92c703fd5b6d,64
6b3902aa-7819-47d2-83b2-bb021611b900,37
6b9caef0-ebdb-4fbe-8655-095402ae0e69,2
6bbcb71c-42e7-40e7-bd02-b66d4e9a5c6e,1238
6bcfbc19-4a2a-496f-ae62-5dcb36e335fb,24
6be61052-e67e-4143-8c1a-5683d4d5da4e,592
6cbf7d4d-13cb-4604-8668-db68fe753349,210
6d28a527-bf84-4e58-b133-0e60987b5e7c,148
6d66d064-0f02-4441-95fc-a83840c7f8ff,127
6db17e9d-47d8-459e-8173-2d32ffa99470,57
6df4cdef-c55d-4a03-9055-3cbadcdd05aa,54
6e09f9dc-0bf2-4c20-8ff6-bd898bbc4831,126
6ebbf42d-fe33-4cbd-9a1a-c6045689e455,2
6ec0db76-23c5-44b5-80f8-ad7e2aa17773,171
6f0b28dc-60cf-4378-b0c4-c6c6979ffcbc,5790
6f6f97bf-b985-43ee-8be1-cd3c0666665f,394
6f7c417f-74df-4b7d-bce5-35a9ee9bc2a6,41
6f86b84a-4a96-4c56-905c-3bfdd6ca9023,15436
6fdbad67-9889-460e-ac2e-9731cdc14dd8,376
6fea96d6-e47f-4cd5-abcd-08235a8e26d7,7
70921b14-8ee5-47a0-aea4-679ac21e8196,1700
709b3aba-b05c-4741-9447-20f8b24330b7,2
710abb98-2f53-4ce8-9ebb-67bb558860b7,6
7120be6f-df47-49e5-aa87-2b982fa78cdf,14
71352dd0-f762-11e1-a439-00145eb45e9a,17
7137f448-f762-11e1-a439-00145eb45e9a,13
7139041c-bc5b-49fe-bda2-601dc00c9d19,1496
71395950-f762-11e1-a439-00145eb45e9a,3
713ac344-f762-11e1-a439-00145eb45e9a,6
713c2900-f762-11e1-a439-00145eb45e9a,84
713d9d94-f762-11e1-a439-00145eb45e9a,2
713ef310-f762-11e1-a439-00145eb45e9a,8
714057aa-f762-11e1-a439-00145eb45e9a,2
71488e8e-f762-11e1-a439-00145eb45e9a,1
7149e310-f762-11e1-a439-00145eb45e9a,2
714e00c6-f762-11e1-a439-00145eb45e9a,4
714f5cd2-f762-11e1-a439-00145eb45e9a,35
71538d48-f762-11e1-a439-00145eb45e9a,1
7154ea1c-f762-11e1-a439-00145eb45e9a,4
71565a8c-f762-11e1-a439-00145eb45e9a,7
715913c6-f762-11e1-a439-00145eb45e9a,1
715b162c-be00-4013-b1e1-0ad270e3c867,5
715e8a40-f762-11e1-a439-00145eb45e9a,22
715fe476-f762-11e1-a439-00145eb45e9a,3
71613c86-f762-11e1-a439-00145eb45e9a,10
71629374-f762-11e1-a439-00145eb45e9a,2
7163ec6a-f762-11e1-a439-00145eb45e9a,22
71655776-f762-11e1-a439-00145eb45e9a,4
7166b170-f762-11e1-a439-00145eb45e9a,12
716809e4-f762-11e1-a439-00145eb45e9a,2
71697324-f762-11e1-a439-00145eb45e9a,17
716fe722-f762-11e1-a439-00145eb45e9a,6
71712cae-f762-11e1-a439-00145eb45e9a,19
717269fc-f762-11e1-a439-00145eb45e9a,13
7179fd0c-f762-11e1-a439-00145eb45e9a,1
717b3a8c-f762-11e1-a439-00145eb45e9a,3
717c052a-3d7b-4d68-b09d-3ca95010164e,1
71819d5a-f762-11e1-a439-00145eb45e9a,17
71855b7a-f762-11e1-a439-00145eb45e9a,2
7186b4de-f762-11e1-a439-00145eb45e9a,6
718bc0aa-f762-11e1-a439-00145eb45e9a,1
718cfed4-f762-11e1-a439-00145eb45e9a,4
718e47da-f762-11e1-a439-00145eb45e9a,5
718f7ede-f762-11e1-a439-00145eb45e9a,20
7191f93e-f762-11e1-a439-00145eb45e9a,2
7193365a-f762-11e1-a439-00145eb45e9a,8
71958ad6-f762-11e1-a439-00145eb45e9a,2
719b6474-f762-11e1-a439-00145eb45e9a,2
719c947a-f762-11e1-a439-00145eb45e9a,2
719dc980-f762-11e1-a439-00145eb45e9a,1
719f0228-f762-11e1-a439-00145eb45e9a,2
71a161e4-f762-11e1-a439-00145eb45e9a,1
71a76bca-f762-11e1-a439-00145eb45e9a,5
71a9e86e-f762-11e1-a439-00145eb45e9a,1
71ac5248-f762-11e1-a439-00145eb45e9a,2
71ad9112-f762-11e1-a439-00145eb45e9a,1
71aec1b8-f762-11e1-a439-00145eb45e9a,2
71aff218-f762-11e1-a439-00145eb45e9a,3
71b1298a-f762-11e1-a439-00145eb45e9a,2
71b39dc8-f762-11e1-a439-00145eb45e9a,1
71b4e106-f762-11e1-a439-00145eb45e9a,6
71b747fc-f762-11e1-a439-00145eb45e9a,3
71b87690-f762-11e1-a439-00145eb45e9a,5
71b9a826-f762-11e1-a439-00145eb45e9a,3
71bade1c-f762-11e1-a439-00145eb45e9a,9
71bc1138-f762-11e1-a439-00145eb45e9a,2
71bc8e1a-0dbd-4a5f-8b3c-ef278252f6bb,1
71be8990-f762-11e1-a439-00145eb45e9a,1
71c10620-f762-11e1-a439-00145eb45e9a,1
71c38d3c-f762-11e1-a439-00145eb45e9a,3
71c63032-f762-11e1-a439-00145eb45e9a,5
71c75a52-f762-11e1-a439-00145eb45e9a,51
71cb1778-f762-11e1-a439-00145eb45e9a,3
720e07f4-d1a8-48cb-a6d2-f90968f34549,113
7247dc2e-b862-4555-b533-7701d183271b,8
72a85a13-37f3-4bbc-92f0-3ba8dbe7c3d0,123
72ae38f9-e9d0-4da6-bd29-cb76e41e5bcb,76
72b6bac4-3a93-491b-a931-cbd07bff5b39,8068
72b9e6cb-b0d2-4298-b4c5-4d270cd1b53f,17
72c4d3c6-5b8d-49f5-bfbe-febd53849588,5604
72d25812-af76-4ef0-9206-0f3c25d1aada,39
73393ec0-632e-4878-8077-76426fbeb9f1,1275
739cf09a-d05e-4241-91ba-418b756f3ed5,1
73c3ce16-26a7-4b91-ab5b-590a6ade5b22,41
73e2db01-1a15-4b66-95b9-a909ab0f69aa,25
73e5b51c-de49-41ed-a6d2-ff3d5206c424,12
740df67d-5663-41a2-9d12-33ec33876c47,394881
743071a4-0900-4f6a-8571-28ff62a1d9fa,3
7447a228-a4cf-414b-87e4-3aba15275580,3
744edc21-8dd2-474e-8a0b-b8c3d56a3c2d,296
751cac02-cee1-4712-ab40-da02d972a60c,24
752a8459-f10a-4133-aa21-4f55f8a27b73,59
7565c55d-9dc8-442d-95cf-19d5ebb3d2b0,43922
75956ee6-1a2b-4fa3-b3e8-ccda64ce6c2d,530730
75bfed9c-679d-4c8f-ab46-feb2eb98512a,30
765770cf-a2cf-4e5a-84e3-526a50754239,438
765feb50-40bd-4638-8e4f-a5f11b7a0676,5
76a657f1-c2b7-4be6-b822-1f8efccc5323,229
782fd5d4-c87c-427e-be3c-a3f2a201052b,25
7866051f-7d64-4db7-aece-99f259f6a0da,4
788439f0-3b56-11dc-8c19-b8a03c50a862,607
789d286b-73b7-4d8c-a8c6-7a2cfe84a576,12
78a54d64-5c90-4fcb-8047-7715595407ad,5
78ab5416-bf56-4714-a2bf-096b16f0e1d8,142
7998a4ff-a9f3-46b0-a291-55fe832b6522,5
79b52ea9-6834-4822-90f8-b4497c259783,3
79fc1860-6a73-41d9-8ed4-4e6baaf23d75,3
7a0fb075-53c5-470b-a1c9-579bb3147ddf,1
7a1e4274-f762-11e1-a439-00145eb45e9a,7419
7a2660bc-f762-11e1-a439-00145eb45e9a,1
7a3679ef-5582-4aaa-81f0-8c2545cafc81,405
7a449fb6-436d-40ab-8826-d65e6bef43fa,5
7a6a36d4-f762-11e1-a439-00145eb45e9a,18
7a6f4e94-f762-11e1-a439-00145eb45e9a,2
7a71dbbe-f762-11e1-a439-00145eb45e9a,1
7a75bd56-f762-11e1-a439-00145eb45e9a,3
7a78957a-ec61-4ff2-bd45-830006371692,26
7a813078-f762-11e1-a439-00145eb45e9a,1
7a8a2ad3-f09f-44b7-b6e6-c8df70030527,426
7a8bd8ec-3ba7-4c31-8753-7a6ef27fdc50,621
7a8cc046-f762-11e1-a439-00145eb45e9a,2
7a8e1086-f762-11e1-a439-00145eb45e9a,1
7a91d4d2-f762-11e1-a439-00145eb45e9a,2
7a96ecf6-f762-11e1-a439-00145eb45e9a,6
7aa6487c-f762-11e1-a439-00145eb45e9a,4
7aa7a550-f762-11e1-a439-00145eb45e9a,2
7aaced6c-f762-11e1-a439-00145eb45e9a,1
7ab21fe4-f762-11e1-a439-00145eb45e9a,2
7ab37d94-f762-11e1-a439-00145eb45e9a,2
7ab62878-f762-11e1-a439-00145eb45e9a,2
7aba11c2-f762-11e1-a439-00145eb45e9a,1
7acdb466-f762-11e1-a439-00145eb45e9a,1
7afb26e9-aad6-47cb-a5bf-de49dc7597a4,9353
7b352c77-6d0f-4dbc-831d-e4e21fd5ee98,3
7b634023-7bd3-4d64-806a-90f5c0465750,95
7b6fae69-3366-4892-a07d-007ce27d675d,3
7b904404-f762-11e1-a439-00145eb45e9a,107
7b9b21da-f762-11e1-a439-00145eb45e9a,3267
7b9d7214-f762-11e1-a439-00145eb45e9a,4
7bd2f51a-33e2-45a7-bf33-0a172b1f5b8d,663
7c411d81-3534-4cc3-8444-885e82ccdfa3,1063
7cdb0b34-ac56-454a-b4b3-38f5bb905fd5,1850
7cede6e3-c7f9-401d-9226-c9ce34a73f7d,1
7d0775ec-119a-43ca-8121-cdb142869169,17
7d17a2b2-8751-41b5-ac9b-48effc1ea236,10043
7d2dc1b9-aee3-4097-953b-f755a41132f4,33
7d36731e-f762-11e1-a439-00145eb45e9a,106
7d5a76b9-819f-4fb8-aab0-664d4089aa54,180
7d692461-9c66-4ec5-a57c-96d78fc9132f,469
7dc565cb-9a8d-41d9-b1e2-52099bbcad12,3
7e25fbf6-0147-4130-ac25-13de6cd9c3ea,34
7e6df30d-d8af-438d-bb01-5a528f6f4fa3,223
7f24aff6-f762-11e1-a439-00145eb45e9a,644
7f338607-96bb-47b0-8558-f3f73b609269,269
7f478a3a-f762-11e1-a439-00145eb45e9a,1
7f5260c2-f762-11e1-a439-00145eb45e9a,112
7f5e4129-0717-428e-876a-464fbd5d9a47,14209
7f6dc132-f762-11e1-a439-00145eb45e9a,69
7f707904-f762-11e1-a439-00145eb45e9a,17
7fce09c0-f762-11e1-a439-00145eb45e9a,15
7fdb69da-f762-11e1-a439-00145eb45e9a,13
7fe3eb5c-42bd-49d7-a30b-82c353ef6575,4843
801273c6-f762-11e1-a439-00145eb45e9a,25
801b523e-f762-11e1-a439-00145eb45e9a,11
802a4c8a-f762-11e1-a439-00145eb45e9a,1
80307a38-f762-11e1-a439-00145eb45e9a,2
8037efce-aa87-49fe-a7ad-1962f53b2f51,23
8054fe88-04bb-4c03-b8aa-fbbd99b05a4a,8
80576d53-992a-41f3-a3e3-dfd0fa0242ee,876
8074177a-f762-11e1-a439-00145eb45e9a,17
80b92d60-f762-11e1-a439-00145eb45e9a,56
80ec681f-e53c-4b7e-9e9c-3f50a0f3e269,3491
80fa944d-85d6-4316-be9a-cb35663cf9ab,1
8106ab81-36e2-4d7e-ad68-05d66a6eb8b5,3
81119a40-f762-11e1-a439-00145eb45e9a,108
8112b722-f762-11e1-a439-00145eb45e9a,119
814940c3-f826-481e-8e4e-7408de7a2c3d,7
814e2048-71fb-4345-b739-ff28ef86afb9,607
81ffbf80-6f85-4556-a126-ba20225cb757,31
823a67e8-a485-41a0-a2cd-90686b4d56be,3
82a53efc-f762-11e1-a439-00145eb45e9a,385
82a9db1a-f762-11e1-a439-00145eb45e9a,101
82c968f1-2399-40ec-9b85-5fe3e02a29a4,9
82d23348-0fee-4e2d-9152-48136ef54b2d,12
83447e40-f762-11e1-a439-00145eb45e9a,30359
835727b6-f762-11e1-a439-00145eb45e9a,190
8359171b-9432-421e-88fc-56a55f1c098c,8
83687bf8-b312-4041-a4de-7c18056d963c,34
836d7d98-cde9-46e2-9e47-15ce0db59ba3,2
83b69c34-0ab1-4bf7-af03-aafe208a0825,45
83fdfd3d-3a25-4705-9fbe-3db1d1892b13,123076
84149905-2fc7-4cc6-a9c8-f4186e0a62a8,8
8469143a-92d1-4434-8d2d-d94520d4a22c,2
847af172-1fb2-4a4e-ac60-4b9cfd80eea0,12
84a649ce-ff81-420d-9c41-aa1de59e3766,192
84c00a71-0735-4a47-bf55-8556dcafa5c2,3077
84c7f198-f762-11e1-a439-00145eb45e9a,204
84d94b5a-f762-11e1-a439-00145eb45e9a,30
84f58d09-add5-469b-af6e-f3522a8dac7d,194
84fc98d0-972c-42c1-817f-038bf5e35c0f,522
85703434-f762-11e1-a439-00145eb45e9a,14
8578e332-e4b6-4050-ae19-8ac9d0c49c96,1
857aa892-f762-11e1-a439-00145eb45e9a,101058
8582b50a-f762-11e1-a439-00145eb45e9a,6034
85845a0d-b78a-43c9-961c-3f718ec1e086,12
858c1c6c-f762-11e1-a439-00145eb45e9a,3
859445c2-f762-11e1-a439-00145eb45e9a,1
85afbe6b-163d-4a81-ba18-d0a552e8c1f2,1
85f35a07-0adc-463d-8a3f-cab80d1fdb61,191
86306e4b-5ed8-4684-a626-d9b9f439dcce,47787
86653843-d46c-4924-9cbe-34737366a5b3,38
868cfc73-d720-483e-9984-a7cd75fad7e8,4
86bc683e-8ff2-40cc-965a-896f3f59d46f,354
86d0b5c1-804c-4b98-8104-adeb1bff43c4,2
8728ca0b-4943-4dd0-8161-b9d820f06221,7146
87360819-f344-4ad8-840e-6f3c3879a46a,130
8753ad24-d1b7-4cd1-a610-d081c56b6f73,69
876c11ed-b8a6-4b4b-868f-da9b91ab330c,487
8789d659-e98c-40ab-8a96-43086d95c5aa,358
8821e36f-2d25-44c8-a95e-fb978f38ecde,2033
883f5f9a-70cb-4919-93c9-a9a9f356f54c,2
887677ec-c307-4398-8fe5-0676c40b57ca,82
887e6209-ea70-46a7-9652-fc94ca97ae0a,1483
88967ea9-19ea-4f4d-b137-879ee00ebda8,339
88d6237c-fbce-4135-b509-0aeed1e4222e,134
88dadc8c-f762-11e1-a439-00145eb45e9a,913
88ea9eca-96ad-4a5a-8a01-99a4acabe050,7180
8918ab8e-2534-4a3f-8469-67407dd166c8,15
89579e3e-f762-11e1-a439-00145eb45e9a,656
89754f1a-f762-11e1-a439-00145eb45e9a,17
8976ab08-f762-11e1-a439-00145eb45e9a,12
89795042-f762-11e1-a439-00145eb45e9a,2
897be9a6-f762-11e1-a439-00145eb45e9a,5
897d23e8-f762-11e1-a439-00145eb45e9a,3
897e6d02-f762-11e1-a439-00145eb45e9a,4
897fb2c0-f762-11e1-a439-00145eb45e9a,3
89826254-f762-11e1-a439-00145eb45e9a,8
8983b7c6-f762-11e1-a439-00145eb45e9a,5
8984fb2c-f762-11e1-a439-00145eb45e9a,6
898660c0-f762-11e1-a439-00145eb45e9a,3
8987bbdc-f762-11e1-a439-00145eb45e9a,1
898909e2-f762-11e1-a439-00145eb45e9a,28
898a53c4-f762-11e1-a439-00145eb45e9a,2
898bb3f4-f762-11e1-a439-00145eb45e9a,2
898ea4a6-f762-11e1-a439-00145eb45e9a,12
899341c8-f762-11e1-a439-00145eb45e9a,6
8995784e-f762-11e1-a439-00145eb45e9a,8
89971212-f762-11e1-a439-00145eb45e9a,19
8998952e-f762-11e1-a439-00145eb45e9a,3
899ba39a-f762-11e1-a439-00145eb45e9a,12
899ea946-f762-11e1-a439-00145eb45e9a,7
89a04454-f762-11e1-a439-00145eb45e9a,14
89a1c2c0-f762-11e1-a439-00145eb45e9a,1
89a4687c-f762-11e1-a439-00145eb45e9a,15
89a74cb8-f762-11e1-a439-00145eb45e9a,1
89a89f96-f762-11e1-a439-00145eb45e9a,7
89a9fe7c-f762-11e1-a439-00145eb45e9a,11
89ab60e6-f762-11e1-a439-00145eb45e9a,6
89acc3b4-f762-11e1-a439-00145eb45e9a,14
89af6b5a-f762-11e1-a439-00145eb45e9a,5
89b0c176-f762-11e1-a439-00145eb45e9a,2
89b2276e-f762-11e1-a439-00145eb45e9a,12
89b3724a-f762-11e1-a439-00145eb45e9a,3
89b4d964-f762-11e1-a439-00145eb45e9a,2
89b6427c-f762-11e1-a439-00145eb45e9a,1
89b797e4-f762-11e1-a439-00145eb45e9a,12
89b8ee96-f762-11e1-a439-00145eb45e9a,3
89ba4dfe-f762-11e1-a439-00145eb45e9a,4
89bba0c8-f762-11e1-a439-00145eb45e9a,5
89bcf7a2-f762-11e1-a439-00145eb45e9a,2
89be485a-f762-11e1-a439-00145eb45e9a,7
89bf900c-f762-11e1-a439-00145eb45e9a,7
89c0ef1a-f762-11e1-a439-00145eb45e9a,4
89c3bea2-f762-11e1-a439-00145eb45e9a,6
89c513f6-f762-11e1-a439-00145eb45e9a,7
89c65af4-f762-11e1-a439-00145eb45e9a,8
89c7ad50-f762-11e1-a439-00145eb45e9a,3
89ca51ae-f762-11e1-a439-00145eb45e9a,6
89cbad42-f762-11e1-a439-00145eb45e9a,5
89ce8896-f762-11e1-a439-00145eb45e9a,1
89cff67c-f762-11e1-a439-00145eb45e9a,3
89d1501c-f762-11e1-a439-00145eb45e9a,3
89d2b04c-f762-11e1-a439-00145eb45e9a,16
89d3f920-f762-11e1-a439-00145eb45e9a,3
89d55c66-f762-11e1-a439-00145eb45e9a,32
89d6c448-f762-11e1-a439-00145eb45e9a,1
89d81bcc-f762-11e1-a439-00145eb45e9a,4
89d97116-f762-11e1-a439-00145eb45e9a,2
89dacc32-f762-11e1-a439-00145eb45e9a,1
89dc2b86-f762-11e1-a439-00145eb45e9a,7
89dd9c32-f762-11e1-a439-00145eb45e9a,12
89df09aa-f762-11e1-a439-00145eb45e9a,11
89e0691c-f762-11e1-a439-00145eb45e9a,28
89e1d32e-f762-11e1-a439-00145eb45e9a,2
89e33052-f762-11e1-a439-00145eb45e9a,26
89e60958-f762-11e1-a439-00145eb45e9a,5
89e8b7d4-f762-11e1-a439-00145eb45e9a,5
89eb7c80-f762-11e1-a439-00145eb45e9a,2
89ece39a-f762-11e1-a439-00145eb45e9a,30
89f13314-f762-11e1-a439-00145eb45e9a,1
89f2871e-f762-11e1-a439-00145eb45e9a,8
89f30480-54fd-4de2-ba51-c2249274add0,6
89f52a6e-f762-11e1-a439-00145eb45e9a,16
89f68c42-f762-11e1-a439-00145eb45e9a,6
89f7e498-f762-11e1-a439-00145eb45e9a,4
89f944f0-f762-11e1-a439-00145eb45e9a,5
89fc1662-f762-11e1-a439-00145eb45e9a,6
89fd770a-f762-11e1-a439-00145eb45e9a,8
8a00478c-f762-11e1-a439-00145eb45e9a,9
8a01a8de-f762-11e1-a439-00145eb45e9a,1
8a05c9c8-f762-11e1-a439-00145eb45e9a,3
8a09d248-f762-11e1-a439-00145eb45e9a,3
8a0b1f23-f912-4b35-828b-83d3a7aa28bb,71
8a0ca5cc-f762-11e1-a439-00145eb45e9a,6
8a0df3e6-f762-11e1-a439-00145eb45e9a,4
8a0e70b1-dd09-4c74-85f1-68554108ba7b,1
8a10ba90-f762-11e1-a439-00145eb45e9a,3
8a121656-f762-11e1-a439-00145eb45e9a,7
8a14f524-f762-11e1-a439-00145eb45e9a,1
8a1656ee-f762-11e1-a439-00145eb45e9a,2
8a19969c-f762-11e1-a439-00145eb45e9a,4
8a1b43e8-f762-11e1-a439-00145eb45e9a,3
8a1cb304-f762-11e1-a439-00145eb45e9a,4
8a1e02f4-f762-11e1-a439-00145eb45e9a,6
8a1f625c-f762-11e1-a439-00145eb45e9a,1
8a20c066-f762-11e1-a439-00145eb45e9a,2
8a222244-f762-11e1-a439-00145eb45e9a,1
8a264c48-f762-11e1-a439-00145eb45e9a,2
8a27b560-f762-11e1-a439-00145eb45e9a,5
8a294452-f762-11e1-a439-00145eb45e9a,1
8a2a9bcc-f762-11e1-a439-00145eb45e9a,5
8a2c019c-f762-11e1-a439-00145eb45e9a,5
8a2d6992-f762-11e1-a439-00145eb45e9a,7
8a2ec59e-f762-11e1-a439-00145eb45e9a,8
8a301aca-f762-11e1-a439-00145eb45e9a,1
8a31845a-f762-11e1-a439-00145eb45e9a,1
8a32eae8-f762-11e1-a439-00145eb45e9a,9
8a3455fe-f762-11e1-a439-00145eb45e9a,3
8a35b41c-f762-11e1-a439-00145eb45e9a,3
8a39ba3a-f762-11e1-a439-00145eb45e9a,1
8a3c5fa6-f762-11e1-a439-00145eb45e9a,4
8a3db9d2-f762-11e1-a439-00145eb45e9a,1
8a3f1c5a-f762-11e1-a439-00145eb45e9a,1
8a4086da-f762-11e1-a439-00145eb45e9a,7
8a41e912-f762-11e1-a439-00145eb45e9a,3
8a449342-f762-11e1-a439-00145eb45e9a,6
8a4a00d4-f762-11e1-a439-00145eb45e9a,2
8a4b5236-f762-11e1-a439-00145eb45e9a,9
8a4cb554-f762-11e1-a439-00145eb45e9a,4
8a4e1944-f762-11e1-a439-00145eb45e9a,2
8a4f6e16-f762-11e1-a439-00145eb45e9a,7
8a52244e-f762-11e1-a439-00145eb45e9a,1
8a54da4a-f762-11e1-a439-00145eb45e9a,3
8a578704-f762-11e1-a439-00145eb45e9a,9
8a58e4aa-f762-11e1-a439-00145eb45e9a,1
8a5a3404-f762-11e1-a439-00145eb45e9a,2
8a5b9556-f762-11e1-a439-00145eb45e9a,2
8a5e6484-f762-11e1-a439-00145eb45e9a,25
8a5fc6f8-f762-11e1-a439-00145eb45e9a,1
8a611e86-f762-11e1-a439-00145eb45e9a,4
8a628bd6-f762-11e1-a439-00145eb45e9a,5
8a63f00c-f762-11e1-a439-00145eb45e9a,4
8a65404c-f762-11e1-a439-00145eb45e9a,4
8a669410-f762-11e1-a439-00145eb45e9a,2
8a695c72-f762-11e1-a439-00145eb45e9a,6
8a6ac2b0-f762-11e1-a439-00145eb45e9a,6
8a6d7302-f762-11e1-a439-00145eb45e9a,2
8a6ed350-f762-11e1-a439-00145eb45e9a,6
8a718492-f762-11e1-a439-00145eb45e9a,4
8a72e35a-f762-11e1-a439-00145eb45e9a,2
8a73e9b5-ab13-4601-8497-99229ba69ded,6
8a744664-f762-11e1-a439-00145eb45e9a,2
8a75b56c-f762-11e1-a439-00145eb45e9a,1
8a7884fe-f762-11e1-a439-00145eb45e9a,68
8a7b4216-f762-11e1-a439-00145eb45e9a,4
8a7f6b0c-f762-11e1-a439-00145eb45e9a,16
8a823b8e-f762-11e1-a439-00145eb45e9a,6
8a83a802-f762-11e1-a439-00145eb45e9a,2
8a850076-f762-11e1-a439-00145eb45e9a,6
8a863029-f435-446a-821e-275f4f641165,140430
8a865214-f762-11e1-a439-00145eb45e9a,3
8a89040a-f762-11e1-a439-00145eb45e9a,2
8a8a704c-f762-11e1-a439-00145eb45e9a,2
8a8d4d62-f762-11e1-a439-00145eb45e9a,1
8a8e9b5e-f762-11e1-a439-00145eb45e9a,2
8a900192-f762-11e1-a439-00145eb45e9a,2
8a916226-f762-11e1-a439-00145eb45e9a,6
8a92c8dc-f762-11e1-a439-00145eb45e9a,9
8a943492-f762-11e1-a439-00145eb45e9a,1
8a959224-f762-11e1-a439-00145eb45e9a,2
8a985fea-f762-11e1-a439-00145eb45e9a,1
8a9e8a64-f762-11e1-a439-00145eb45e9a,9
8aa0482c-f762-11e1-a439-00145eb45e9a,1
8aa2023e-f762-11e1-a439-00145eb45e9a,7
8aa3b0c0-f762-11e1-a439-00145eb45e9a,2
8aa6d58e-f762-11e1-a439-00145eb45e9a,7
8aa9a002-f762-11e1-a439-00145eb45e9a,10
8aac5e78-f762-11e1-a439-00145eb45e9a,2
8ab0799a-f762-11e1-a439-00145eb45e9a,2
8ab32a78-f762-11e1-a439-00145eb45e9a,8
8ab49566-f762-11e1-a439-00145eb45e9a,3
8ab63b07-a94e-4d84-adba-347994f74e56,13
8ab769e4-f762-11e1-a439-00145eb45e9a,4
8ab8d9c8-f762-11e1-a439-00145eb45e9a,12
8aba36e2-f762-11e1-a439-00145eb45e9a,2
8abbafea-f762-11e1-a439-00145eb45e9a,10
8abe750e-f762-11e1-a439-00145eb45e9a,13
8ac9b3f9-383e-4401-bb17-fdd802057087,30
8b02baa6-36ca-452c-a1e2-6aa128459048,347
8b0588e2-6852-4553-951d-90c01eaaf90b,7
8bc4f5d2-8e7a-430d-b219-6776c38f401a,2
8bc91053-37d2-4e60-a0b3-33253ad77be8,6
8be24340-cbb4-4e88-a9a9-5f029d623b20,43
8c145caa-8dca-40e6-b082-741e0d6b8f83,348
8c1b1f56-0b95-4609-8762-5642c537ac4c,1
8c3e7db0-5c1a-49df-af56-9cb84d8511ff,195
8cca3052-d15a-474e-a0d6-f4d2c8182319,74
8cf29185-bc61-4d54-980f-407cf8bea5c2,3
8d53b914-0bd6-4b6d-a3e0-05e4407e7331,848
8d759514-5679-4f7d-b745-e75707c06bc9,538
8de4fda9-edee-4060-a131-5dd9984c8cb5,141
8df9af24-1fbd-4699-a545-9a2867ff25fe,38836
8e08523b-4f29-4cb7-b4c4-ff673ee09b9b,302
8e2961c9-5996-474b-9bfc-90370e04448b,5
8e912d78-6259-44e3-8f58-debb3081a15f,22
8ea4250e-0ff0-44f8-812e-bffc3b9ba2a4,121042
8ed6732e-c1bb-4558-b258-34eef1584c89,2
8ed7b879-e2fb-4896-9acc-1c911bcdaf6b,137
8ee10704-0472-4b5b-aa95-99748552c09c,237
8ef263ab-fdea-4d63-b793-f3fa08841b2d,1936
8ef95309-811f-4c3b-a329-a85368e774c9,38250
8f6c0996-30aa-42d3-9331-d2e319e01554,3
9021624b-3a0a-4ed0-b3c2-edfcb95c3178,1
90a5be66-f51f-4a7e-9ffe-3137c7d3e0c3,10
90c3e206-75fa-4527-9e8f-9406af78452f,70
90eae6b8-57d2-4d24-8eb3-1dbde00f1669,692
90f9376e-3e89-4b09-95f9-2c5f6f990185,396
91b054b6-7198-46fa-9a60-6e0625cc2980,1
92204c07-5011-47ac-82b7-4050858a9cd0,1423
928304f1-d313-47cd-b17b-0232bc27b727,14
92c07a5b-5223-4175-ae1a-77b26bb1ba0a,9
92e820d9-f387-4f8b-82ea-66c3b77fb1ab,1
940821c0-3269-11df-855a-b8a03c50a862,6350
942c4e36-624d-4054-a6cd-b7db0b24926a,10
94d8f41f-7204-4a89-82ae-e337710dd543,57
953c46c5-363c-4bcb-a065-86d66f7ffa77,976
9566b8fc-3f1d-472b-b037-7ceb5e4e94f9,4
9589146c-f762-11e1-a439-00145eb45e9a,34
958a9a8a-f762-11e1-a439-00145eb45e9a,12
958c154a-f762-11e1-a439-00145eb45e9a,5
958d9faa-f762-11e1-a439-00145eb45e9a,14
95907ce8-f762-11e1-a439-00145eb45e9a,3
9591efb0-f762-11e1-a439-00145eb45e9a,1
9594d9e6-f762-11e1-a439-00145eb45e9a,9
959654c4-f762-11e1-a439-00145eb45e9a,3
95991682-f762-11e1-a439-00145eb45e9a,1
959a8f80-f762-11e1-a439-00145eb45e9a,21
959c0680-f762-11e1-a439-00145eb45e9a,9
959d80f0-f762-11e1-a439-00145eb45e9a,3
95a1d8ee-f762-11e1-a439-00145eb45e9a,2
95a410f0-386b-4792-8e5d-ba2cbeecfbde,583
95a7b110-f762-11e1-a439-00145eb45e9a,1
95ad2dbd-a847-4ef6-8b86-1fa38d94e5fc,991
95be1cf2-f762-11e1-a439-00145eb45e9a,15
95bfa586-f762-11e1-a439-00145eb45e9a,4
95c27b3a-f762-11e1-a439-00145eb45e9a,4
95d672e8-f762-11e1-a439-00145eb45e9a,15
95e635d4-f762-11e1-a439-00145eb45e9a,22188
960af0c2-f762-11e1-a439-00145eb45e9a,15
960c633a-f762-11e1-a439-00145eb45e9a,30
960ddbc0-f762-11e1-a439-00145eb45e9a,2
960f5d88-f762-11e1-a439-00145eb45e9a,1
9610ceca-f762-11e1-a439-00145eb45e9a,3
96125ee8-f762-11e1-a439-00145eb45e9a,4
9613cd1e-f762-11e1-a439-00145eb45e9a,4
96153eba-f762-11e1-a439-00145eb45e9a,2
962f59bc-f762-11e1-a439-00145eb45e9a,15961
963a6b96-4d22-4428-86e4-afee52cf4a8e,2
9649d058-f762-11e1-a439-00145eb45e9a,11
964b50d6-f762-11e1-a439-00145eb45e9a,2
966b3e29-f1e4-4190-badd-100bc989788f,1
9678e1a6-b1c4-4e86-9d26-ebb169338655,1444
969597cd-473c-4d18-90e8-d11b5c107d0a,12
97307ab9-6f6b-4749-8760-adb210c9d78e,3
97eccb39-8a7b-4711-82ef-5f61afc1cf0c,1522
9807df89-7446-4aab-8ec8-fd837085c1a1,898
985eec8a-e9e3-4117-8231-fdebe0634a90,5
986d4f73-db26-4e13-b597-76716b1d4c67,4
989a39ef-6e04-4439-83db-78bc286f19fa,26
990e845f-836b-4467-bc5f-46c8495259ec,50
9938a2fd-d07f-45c9-8dc3-f5b88258410d,11
9940b3a6-32a4-4f00-815e-f8492bd64a0e,1
99b1c33f-113b-4477-8075-a9bbe5df0246,58
9a24b263-0263-40b9-ba1a-395e0781a9d2,3
9a25dd5f-eb12-47f3-8a7e-51b8e3824600,258
9a534fe9-2726-4272-a62d-90492b65ca56,78
9a6bdcc9-e017-44ea-9cf9-ff6a87fdb8c2,247
9ae2d15c-6735-4069-b255-d737d919bcd6,201
9b039d75-b613-40bd-9368-182f124be97c,172
9b6f01f1-9b00-4c39-ae14-6ee552988ce9,25
9bbdb0ea-b792-4047-be06-c4285ad47f3f,88
9beef4fb-e3dd-475a-be95-45d2105b32bd,210
9c4e14d4-4047-4d30-9954-1a2df1ba7d15,2
9c584871-a0c0-42f4-8ab5-e7ac74fd1e9f,9
9cc67633-537a-4acc-8d37-92feeaddb2cd,24
9cc68a7f-df2d-49d6-b797-94c99a2cafe8,2
9cffad6e-51b7-45ca-8679-32374a07f884,53
9d1faf2a-1383-43a3-9862-2d5028eca053,16
9d805d19-e529-4142-91a3-155c24c16bb2,392
9d9882e8-48f9-464d-b4b7-8b08e1f2fce3,2
9ddfbe78-e30c-43b8-85a8-6952d88c8009,529
9e2f8841-097e-4eba-b015-dddaf1708c7e,1
9e9aa5e4-3717-4212-94f0-089e4a24f501,102
9ef059d7-5721-4ffd-a758-ef7a63221905,2597
9f15655b-d156-4028-a5f5-fd7507c5b037,5
9f6be6a5-fa23-4471-97c6-67cd21bcf53a,177
9fad752d-4bf9-4adf-9535-3cf6339a70fb,4
a031de99-c6cc-4826-b8aa-18ce01116184,66
a0c29d70-d10e-430a-81cc-730fdc4299ef,19
a19133e2-d381-4de8-a7e7-94f47fe90132,149
a1c36973-1f88-414c-84f3-6e67069b98eb,14
a1d63dd1-5456-450c-afc8-25a62ffec50e,1402
a1e5960c-559e-4a9f-bcbe-d97f131364bf,96
a3e74d8a-5944-46cb-9ea0-e0fdc37631fe,121
a4555281-5046-424f-9cd1-e7c103234416,1
a4edfc8b-ab0e-4427-aecd-897d2a0b9925,8
a5a68903-ae86-40d6-8c65-8e18127eddad,162
a5c1c9d8-337e-4230-b1ab-13e5417bbdb9,4
a5de4acf-39c5-4492-958e-983a13a611f9,1
a5f69bb0-d405-451b-a249-178482c01fa6,101
a6a119bb-abfd-4a94-811c-2a4f0f3ab7e2,94
a814f323-ccc0-44b7-b188-4c155867deb7,1379
a855a185-cf36-4b06-89f6-bbbce2e2805d,1230
a861c55c-c1a4-4fa9-8771-bb68d79b85f9,1
a899709f-9a73-4cac-84d8-a7dcc7b70280,2
a8accd76-fead-4fd8-8689-6011fdb93afb,87
a8adde1c-1d66-4ad0-846f-cdf59fc4cb0f,317
a8c8144a-3693-4d92-8bc4-49e00dd8defc,59
a8f65e0b-5b75-4880-bebc-f9a3efe13ccd,3
a91f9cf3-6455-4847-9144-b9f5e29d3fe3,1
a99ca3c9-7448-4bf6-aba5-0ef61b01232c,1089
aa35e7a6-9b69-4d22-ab22-4b84d3949d75,108
aa6c5ee6-d4d7-4a65-a04f-379cffbf4842,481
aa79690b-018a-44b0-8ed4-2704ba530ade,406
ab022a73-a5da-4b61-8206-86c55b674fe4,1
ab3441d1-6e2c-4e39-b2c4-fabf017b45ed,458
ab663bb6-f94f-4d13-9bab-81316ed1f4a3,420
aba10cb3-e79b-45f8-91a7-ef79d2133af9,4
abd3521c-f459-468e-9039-f989786147d4,4326
abf09c39-7e71-4d6c-9787-052c2d3e2842,1
ac256d63-dd79-44a6-ac31-1c56aee93b41,31
ac3c2dd5-ca45-48b9-97fc-ed294172e273,4
ac772abb-fa13-4bd2-8222-c8e7875e260e,7
acca8633-d38a-4cd7-a6f8-5a2d4e29832a,212
acf24ccc-cea1-4f90-aa1b-4089d80fa856,54139
ad3a5009-4f28-4fa5-9661-bc81d2e6c01e,15
ad65ebe8-817e-4624-92bb-d3dd6c5fd94f,21
ad73fa3b-cc93-4709-a41d-dbac4ac3d21d,100
ad9599c0-16f7-11df-b5b3-b8a03c50a862,10
aeb30eee-e770-4b24-86f2-b74918610519,1
aeb6345b-aa74-44b8-989b-1b6fe7be6ab5,96
aec85dc0-9807-4bad-aa4e-aa1e8f0bfeeb,62
aef22888-444e-4cba-bfc5-f709ef15ccf4,21
af194990-12ae-4403-a66b-c1499d2f756b,19
af26d7e2-a680-41ab-8d25-3bedbd651bcb,3
af4d898b-f72b-4c9f-89e5-2e51705e77bb,11
af85469c-ed5f-45ea-8217-993b6e41dde4,4
afa486d5-7b6d-4b35-a5a4-59c968f8511f,318
b012565d-699d-412f-9720-f0fb482d9a3f,54
b05dd467-aaf8-4c67-843c-27f049057b78,356
b0d83536-9102-4aa6-ad8f-570b9db6c77e,4549
b124e1e0-4755-430f-9eab-894f25a9b59c,78977
b14cd984-dfc4-499d-b1bd-650ceef3608a,2
b228734a-8952-48cd-94c3-241e06a2e421,807
b2371835-ea93-4475-b0f9-e5274147863b,43
b2bd4dd4-aa79-403a-b7fa-274c1f8f0383,1
b2c37c6b-ab2f-4eff-93a6-ecfd3676e69d,711
b3b7d5c4-f73a-475b-a203-c6a1ddd040cd,417
b3d38408-1b69-48e3-8bff-de7929e0e5e7,158
b480871a-6c2f-4c35-ab94-6de203c4ff28,232
b5192815-5e90-45b4-a17d-62856a3ead51,1988
b56e76a0-2adb-4168-8d46-156a4fe7f10e,5787
b58e9847-900a-413d-90e2-712bb7006db6,2
b5b0b716-566e-4f29-81a1-15e9f42465b2,10
b5f88be8-335b-471c-9532-5430c45290a7,13
b6465deb-2071-445a-9ebd-d5722e1ed7e2,127
b68784d8-cb51-495a-8a21-a07cc369d5cd,354
b6a04f9b-d449-43a2-9707-36260bdb25de,255
b6c51404-ffa0-4682-862e-a48d3384aff1,44
b6eae303-f834-41db-8b39-42168d1b0bcd,11
b6f2de76-d624-460d-bc8c-2b74c73a749c,1
b737fdac-8e6c-40fb-b743-f226e2b2f9da,103
b740eaa0-0679-41dc-acb7-990d562dfa37,1
b7cd5ad0-f65a-4de1-a1bb-318cf5ae12f8,20713
b7d5e282-aeeb-41f2-923b-e24b52d8028a,10
b84a3711-b4ca-4e4f-adac-80dfaea98d1c,5525
b8866a8d-adc7-4a3a-887b-e59f830bb988,925
b90cadd7-9ef5-4640-b1fe-94d4803e7129,37
b98b81af-cc62-4a0b-b503-3da65c9f4a91,80
b997a951-75c0-4ffa-b048-d02b2fa33d04,2
b9b2019d-fd2d-4a17-931a-8b5e050a38bd,83
b9fc6957-38db-4f3f-819f-a44fb4dff293,2
ba0b34a0-c7b8-11de-b279-f12cadb93607,1205
ba14a95c-84b3-40c0-91c1-ad4bfca23573,6
ba16c87e-10bd-4530-a258-d451628846d5,193
baa1e422-b68b-42ee-abf5-5d02cac70d68,539
baa86fb2-7346-4507-a34f-44e4c1bd0d57,4920
baeca59f-e986-49fb-b322-1f940c446bc1,33
bafa5083-8081-42f8-9201-04c511f45098,81
bb0db175-4205-4062-9897-33545d004e92,29
bbd1eb9c-0d6b-45ee-b36a-d94c91abeaef,14
bbed2cf3-bc30-41a8-9a39-3a0494f5c25a,5
bbee118c-a50e-4f7f-bca1-d5bfefc5360b,227
bc76c690-60a3-11de-a447-b8a03c50a862,344
bc94931c-4197-42bd-9cac-32c09e3959f3,5
bd484fc9-1d70-474e-b019-0a6cb32c19dc,2
bd910e78-7a69-44ac-9450-65bf41329604,83
bda96dc3-956c-43cc-bf0d-3567f948866d,7
bdaa0157-b8bd-4106-b943-61f1dfcc9792,653
bdc8d3fe-9972-4ad9-a34d-cd43a31447c5,2
bdee10a6-b34e-4795-b17a-94c467de28ff,15
be08cce1-1b48-48be-a3b1-1cafe3002c60,12
bf1feaf4-b23d-4529-9c47-ac6176c70afe,9453
bf4641a7-a856-4061-8746-43a9e26db0cb,3
bf4cf2f3-d1d3-42a8-8496-0445f063a92f,1
bf97ab5c-c909-4d0b-ae3c-7d34775770f9,8
bf9e71b8-7073-4dbb-b7e0-62fe27896780,6
bfaa049a-90cd-412d-9660-5380591ba4a5,134
bfb47005-1157-41af-a0f5-12ed643e81f5,175
bfc6fe18-77c7-4ede-a555-9207d60d1d86,36512
bfd83b14-c0d7-4646-a9e0-d0a7a37d0a98,11
c0d54145-f7de-49e0-979f-6139b97977ad,2
c0e410ad-0d01-49f3-a837-71982c0e0c32,732
c13b687b-5750-456a-856f-4b64303f713f,624
c1492854-5d15-40e9-9ee7-24a18ac05112,6480
c186e534-5281-4d9e-a389-f0415aa70331,59
c19a8f6e-c368-494d-942e-10108d8867a7,191
c1ae1c90-d21e-49d9-b5a8-6605c07c8364,3
c1d45286-a9a3-4399-acf3-1eccb8c68673,1312
c1df184e-1340-4ab1-a045-b6e4752f7fa2,238
c2a0198f-4d4b-448a-91cb-ff07ab1532ed,9
c2a9c8ae-98a4-48b7-a282-604536871265,1
c349aada-38d4-4602-99c1-5939680ad9cb,17
c358edb6-9b46-45eb-a173-b854910500a9,14
c379500a-39f0-4f69-99d0-b586516f635e,490
c3c56ab1-706c-4e7f-85f8-f6f860e203f2,3022
c4065bee-6ad7-4bee-a14a-bd4171a9cf69,16
c41a275a-a13f-4d2f-909c-f5fe6ba47cea,10
c45c8530-fd7d-4f30-a9e4-c6d243a4b404,1
c487db8c-c128-437f-9110-ff745b8b00a9,14
c4e1739b-e225-4773-b2ca-b9dd90846c62,166086
c51f2d61-9c82-4231-a810-99b421fc9533,87
c55cf28c-8ed3-43cd-914c-8a8b7b4b9df0,13310
c58954ee-dd85-406a-a328-2cfe60c65145,8
c621bdda-1e6b-4c61-ba7f-9c5848755b4e,1353
c64d7750-ae5b-44ad-a02a-7d2f34c4f792,19
c64ea13f-f1a4-4d83-8409-d7da9b841b40,33
c665b271-454b-4844-a039-426dac634908,184
c6b86c40-ff71-4e5e-902c-111f400d0d56,243
c6bbb6ef-ad16-4f3c-99e2-f693760173e0,247
c6ca96bc-7cf5-4fe7-ac44-d01e06394ef3,10
c6d289cc-62ee-46e1-9367-515092eed533,324
c711c16e-8db5-4f66-aa06-03d9e472fbbc,130
c7521912-d688-4863-857b-6d78fe4f80e1,282
c761f6ee-936f-40df-bc2a-d9084267bb7a,3
c7730a08-74b4-48cd-80a7-831a19ac660d,2977
c7ecf786-d4ab-4708-87da-bc34e542be44,39
c7f9181c-2344-4e3a-b414-eb5710b5807c,1169
c7fcf26c-bd16-4b8e-9903-f871a03f424b,129
c84310f0-a629-47ff-96b5-51373acdfdcc,68
c877cc39-da89-483b-a5b8-a438229222fa,3967
c880ef4f-dead-4fc6-ad6a-5c9929d5a9df,254
c8916e4d-cfa0-41e1-81d1-fa35f49d5b1e,336
c99d545d-7218-4a6b-845f-a3c75e7711b3,56
c9a57648-87fa-477e-a72c-9db3eeb95e44,144
c9defb60-fe06-4833-8bb6-29c89ed46dfe,1
ca58433a-3ff8-492f-9d7b-6f6d289eb6d6,45
cb45ec5b-e2d8-4ccc-ba9f-8caeb8a5c26c,20
cb4c3a5c-3b28-41a3-ace9-9fa7c60e0b31,26
cb850587-95f8-4ab1-83e4-a20267b3aea8,7776
cbd241aa-a115-4856-af66-fac5cb90f2cc,1453
cc23908f-0a4f-4811-b1e2-f603f4168d09,54
cc63e998-fe1b-468d-94f1-6afcf494d0e4,665
cc885e78-0fae-49a3-9c6d-93ac90debd68,42347
cc9bd573-9c96-4532-a723-52ce1d155b36,16
cd199df4-35bf-4bd7-ba54-3dc432ba04d7,1
cd4eb3ec-0a18-42b4-bda4-155716ddd7b1,268
cd67c18a-98e2-4b8b-ad07-358b02b7812c,8
cdafb94e-6dcc-44de-b0ef-98439a1ca28e,170
ce8530a2-cd4b-4e51-9927-76bf49b5a9a6,124
ceba06e5-fe4a-422f-a67d-7e5c2d1e847f,5
cef450df-7155-4c9d-9eb3-7b9b4d868bfa,168
cf645849-cbf8-48b7-82ea-a9f132612d62,56
cfa64a64-45e3-4717-8fe5-9f707cc362fa,1
cfa7bdfb-4b6d-47cd-9a42-55ab7d2e5dac,125
cfd3bd8b-1fdf-46c9-be81-39b624fd26ab,38
cfda3b8f-7fb0-42f6-a425-f07d67fac143,1
d01a97f1-47a6-4627-8127-19148d698f4e,21
d03f444a-7192-4fa0-bf7a-63714585c611,9219
d059988c-ac22-4ac5-9999-6dbc4cecaf52,92
d062e651-c3e6-4e6c-9544-8d573df5af30,33
d0860cd6-2fe5-44e3-856a-5ea9e4bc108a,29
d0cee8f6-dbf9-4355-a9c2-62ab51fe36fd,2723
d0d734c0-14f5-4f70-b915-5740cce60b07,20
d0e6b375-b65e-4b31-95c9-7e8ebba462dd,6
d18935d7-260c-4633-af39-7eb7ee6f1e14,3
d1d43406-4711-4ed9-a827-38f7b26311ab,12
d1f724bf-8d68-49c8-a87f-5c9e7a7b9deb,316
d2278c93-6510-46a8-9792-d794765b4167,17
d23e32b4-5d32-4947-b2e4-734342cb24a3,968
d24b29ba-8f3b-4c41-be21-b615882e54c6,12
d2763a38-ac56-4773-a264-d272745a2e12,1
d3130e9c-8587-4545-baea-6e72876bb50c,2451
d3484430-8876-11dd-986c-b8a03c50a862,406
d34ed8a4-d3cb-473c-a11c-79c5fec4d649,59204
d38d6841-de2a-4a16-b39e-495402d8592b,4719
d3c8efbc-e246-4e52-b2d5-6fdae499b48b,2787
d3ed14a0-da64-4179-9643-4927deeb5126,94
d418cbc6-5065-4785-ba1b-1cd27a8bc04a,31
d4ba9607-189b-4c35-af5c-0b6ca3a54d50,1
d4bce7d2-6c5e-44c6-9382-20f130baa129,814
d4bf0455-39d9-47a1-b0b7-becfc82e7f13,148
d4ce1621-8469-49ad-86b8-91143c0e0490,49
d510984b-1cf9-43ba-94d0-a949f43d82f8,12
d587c7e5-d442-437a-a6d7-d1a78ecf2300,2096
d5a8d3f2-9bad-4724-b793-daf78f8bca29,16
d5d92045-cbd8-453a-9b4e-25a7b74c51c5,1
d60abc0b-d936-40eb-a696-d54b9499e493,3
d637bead-2374-4dba-a751-96eb3a83b8cc,1
d68fa195-b3c5-490d-92cd-243972047a86,2
d7053f5b-2078-4a21-9d8d-a6d81a177df5,2
d7349b4a-5b9e-414f-94a2-418af65425ce,1516
d75b0b4c-8f43-4bc2-8bcd-65f9e5419cd1,446
d7713b53-c84b-42b6-ab9f-13beab9f4e33,3
d7cc19ba-7785-4131-ab63-3328a99ecfab,12604
d7e36e03-340d-4cba-904c-a2a3e662d3cd,480
d853a7fd-73cb-4d02-829c-7ff59f9e494f,600
d8dbe442-093d-4fea-9fbb-d92cd12202f8,20
d921f444-3029-4ff9-876f-4bd412b1d3e4,13
d96a84de-dba2-4134-b911-4556074f15e6,17
da216795-b3ad-41c2-ac4e-3d8faf4743d2,1615
da42f98d-c846-4328-864e-f4018e3326fb,450
da879b37-30d3-4481-af57-b9c247b0fe28,2
daae5a66-7bb4-4431-ac3c-a1bf70ca3407,708
daf0c664-f7b6-4d6f-9461-95ecddc549d5,4
db1ab877-1ab2-4890-921a-fcad741c37fc,265
db1abc39-7b60-4103-815d-820fa37cb62b,7213
db6e18ea-16cb-4047-a261-1488c8ea3317,29
db88753b-744c-460d-891a-e0b88eea13bb,34
db911c59-3894-47df-99bd-e2f1af48a739,3
dba87678-ffa3-4a06-a2f7-cf4892e1e057,6
dbb0f0f5-97c0-484e-9c8f-3fce032db463,12
dbebf070-6954-404f-af12-d61be85a99c0,96
dc0ac5b3-f7f6-49ef-82ab-80b79eace946,10
dca145de-af79-41c4-9dbb-9c61d4fb92b2,5
dcb5eadc-e20e-4f44-963e-c67deb815982,1
dcce70f7-06be-4de3-aed1-d811343566ea,8
dceb7843-b7e7-4dc7-b50e-b978e52e27dc,2607
dd015612-5037-4f57-840e-e7644c0e0248,18
dd1be613-e22c-4e3a-86a3-bc055766aa7b,505
dd223a19-c7f6-4847-9422-614c6e8bc623,4
dd238f50-f594-4e51-82af-033227ccab55,123675
dd366f57-ef9e-4c6f-a096-e953f6dae044,24
dd39faa3-a9c0-45e5-8497-41b40e9a2a67,12
dd3ae3d0-1fb5-11df-8ea3-b8a03c50a862,6
dd6f4b03-8219-49dd-9934-e78ae3f6d8e4,19
dd7e0efe-fbe8-4650-b0b8-fe7015c59d1c,9
dd946360-820d-4959-a752-77ed01cdc661,2
ddce7f9a-3b1b-460f-ba50-99344281fc60,28
ddd4dad9-273c-4f8e-b68f-5b4c03525301,331
de9ffc5b-26ed-42ea-b8b6-76a55c47c619,7
dea05a0f-6245-4adc-9e76-c1335033b6f8,1
deae7cbd-0c20-422f-a7f9-4e8acfb57c4a,992
ded7f34f-fc9b-4e5b-87dc-d3c6177a8fe0,233
dedb8f2b-4641-44f2-bafb-057f9fe70ce0,1589
dee8edc4-b19a-11e2-886d-00145eb45e9a,39300
def5a43e-0e85-4789-9c0a-35c23ac90879,455
df2e1edc-0805-4de7-9acf-5d935136c3e6,84
df589977-b6e4-4d5a-aae7-f90694d229ac,1
df7a89d4-20cf-402a-ae5d-15e97b040692,118
df863040-ea71-49c2-940a-b346abe0a7b6,35
df9dcbc9-f3d1-40e2-9011-02babb0d98f6,898
e0507994-aa35-4ec0-be28-92d4a3c11f75,3007
e0524897-c6ff-4dfd-a9f8-398d49590e0a,221
e079b738-03a4-4dd7-b609-9752a0c91f10,2
e142db13-5b0e-4f15-b652-6e72537b4337,20
e16a9392-b28a-47e9-a92a-f20c240f39a4,2854
e1beb83c-9b83-4d17-ac5e-d24e09507ec5,35
e1f3be55-9f45-474c-8374-502b236e0ad0,2116
e1fc23b5-0ef7-4510-8026-67a83305d1d9,1
e2385f15-aab0-437f-8793-ac58cbe1ad74,208
e2413993-3e6c-4519-abe5-02b75cb645c6,16
e2af6d99-7387-43aa-bd04-7c579a9befa5,34
e351951e-32da-46d6-b61c-e9816d39e0d4,636
e36c72ed-3b15-49f8-97fc-faaa467eb59e,3772
e381b970-9b62-4664-a249-6023b6fa8ef9,2
e3ce628e-9683-4af7-b7a9-47eef785d3bb,65
e3e48696-f083-4c3a-8c5b-efb1589c54db,35
e44008d2-6310-4a5a-9d96-9843bd0e5698,27
e4473544-f4cd-4429-b791-39d6e1fdb0a4,14776
e49a712e-ec7b-4e7d-b916-8dcabf589979,425
e4e37ec6-c30b-4663-8752-14b6f74b231e,12
e5386a70-12e7-4dfe-a307-dbd547e167fb,50
e54e33cb-83fc-4bdd-8301-7050825f3e2b,227
e550b7a5-439c-42d6-917a-5990a633347d,11
e567684d-9998-4604-9790-b0ac00e090c1,18
e5687c66-55a2-4f5f-82aa-1838d9e67470,36
e5774d90-9f01-42bb-a747-32331be82b18,478
e5850855-df3d-4209-a71f-0fa852619638,330
e5d9d04e-ffd1-4395-9b10-76034f0c619c,15
e5e75788-55c5-4721-9fa4-a61212f06e13,1
e5f16d86-e225-4822-97be-a64ce17079c7,13220
e61f1cc7-d7cd-4884-a4b8-b41de46d101c,2
e672cafb-030a-4427-b832-50a3a4c2863d,8
e6a773bf-c826-464b-929c-30b8ffb2fe5a,5
e6c97f6e-e952-11e2-961f-00145eb45e9a,33
e6f2325a-af8d-4935-9f10-163e87f472bf,1808
e6fb3d46-977a-4deb-99be-e8493024feb2,147
e707e6da-e143-445d-b41d-529c4a777e8b,12884
e87e14f1-76e9-48a1-8378-98cc909eb301,372
e99c1b37-f7b7-4316-9749-fc9d4f3dfc0b,556
ea04653c-58f5-4f14-9ed0-39f85871f1db,153
ea0c5060-7b9b-49c6-abb5-0a02e1428c0a,1
ea410929-015a-4093-9c7e-7be2482668c9,138
eae096ac-c585-4234-99cb-b32e7c517604,1
eaf3bb91-2997-4304-b9f9-d9e5d9ad00ac,4
eb4b2590-2eb1-4e9d-b543-aef0ed9f4dee,47
eb605c7a-a91c-4ab8-a588-85d0ccb2be9e,10031
eb808ca1-4e48-4a8d-ac9b-676838db5bf0,47
eb9f8323-02f8-4e10-a9e6-48fca6cb3f72,135
ebab0e47-ba39-488a-b6ed-62415f212e08,52
ebb766c1-6036-4b58-a0cb-ad8c35c03850,53
ebce2473-2911-4b9b-b8bb-364a99bdc478,12
ebf3c079-f88e-4b85-bcc5-f568229e68f3,82
ebfe41de-79a4-492c-bd72-5c25e41237be,2418
ecb800ca-503d-4762-ad64-9b34a5710bee,69
ed1fba28-8548-48ba-8e1b-a331282df518,3
ed29555c-f0d2-4ec7-84f5-86c20f2d52d2,5
ed4b684e-68c9-4d82-88c0-a916f3175d44,3
ed5fc1c1-5a36-4ae0-a208-b7b89c8aacf7,48
ed7d4c25-b00a-4b7f-b84b-1f5286bfba8f,271
eda0e170-a39f-44fc-9c03-cce4f7417df7,12
edd017b6-bf00-4b00-93ad-9789c42a36b1,137
edd76a7a-64e0-4008-a741-105ecd67e339,946
ee37f1cd-9359-4d8f-ad7e-22e3ac4a740c,335
ee3e4241-ae07-4e5d-9966-d432ec0cda79,28
ee71be2d-16e5-460d-967c-9f4602417fd4,12
eec78796-b97a-4edd-b1e7-16fd76006789,3
ef2605dc-a8f4-4ce5-a12f-4b5112a56a36,734
ef2ce669-2030-40a9-95a8-5dc0b6e991ad,42
ef6e0754-8bf2-4854-9aa3-3a2a1a90810b,5794
ef9fca55-a303-458a-b95d-eeff0e8cce46,494
efb3f1a0-43d5-4ae6-a58f-4fd61043756a,4008
efb9eac6-38c2-4c49-a4a3-598fd2a9f982,204
efde0b80-02d6-4e50-9e6a-4b4329bfeec6,28
f0382d17-cd3b-437b-8cce-488ecd300c45,99
f06ed729-104f-4e51-9db3-dfd9b228a1be,17172
f0a99f2c-2670-4ae8-8b9f-8661e02a33a8,151
f0c4c2ef-7b93-4b7b-b77d-51e5aff9baf1,4
f0c74a2c-4bd8-49d0-837a-92bb835fd2f3,846
f1277dd4-84c5-4e84-b300-d5a7ac3c1edd,183
f145c27d-b1c3-4136-85b1-c21674d2d1c3,5452
f16589a9-1c6e-4e91-b683-d5018aed4b81,1263
f184506e-9dbd-4361-8f33-278b9cd2710d,218
f1bd95c5-c819-4e8d-9872-bbd3c160cbe6,7
f1c4df18-12d6-40cb-ab51-5bb0d7f08d6e,26812
f240817c-23f3-4a8f-b32e-97833663fd4d,2
f26cab28-9d52-4e97-b22b-f9fc179745b2,71
f2b6763d-931a-4ffc-b92f-3d9b5db3f3d3,6
f2e389da-39c3-4f21-8d72-b7d574d924a9,337316
f3e7c1f2-ada4-4169-9d0d-3d798392dfee,19
f412ff44-1b43-4ca1-8e10-86b34cd82da5,60
f423fae4-1af6-42d6-b9ef-407e3fdd4683,231
f4c99a6b-4993-4bfb-acbc-952315842215,105
f5477e1b-bd64-4725-823c-4e4f548b3ec7,11
f5aa5a9f-30b8-4dc5-a5b5-b6ff106354f8,171
f5b325e5-4c25-4dd3-a028-297c685b3327,7
f5d17a6d-5b53-4bac-b952-d6503839aed7,2
f6094efe-26ec-4bb8-9a30-5de911277c47,9
f60e31a5-dc12-44c1-8358-098f131cd141,21505
f6167095-e371-4e71-8841-4d0e45093efe,49
f61e69d1-e79f-4ccb-bd92-56a7cefcf1e4,555
f674de32-f52a-4e4b-a89b-a7b227f4495a,843
f67742e5-8643-4c5e-9c77-950e4ec16241,3
f689e53c-3e30-4dc0-a1dd-0799902d2f11,1
f69687da-edff-43a7-be3a-6ec8a6f80a1d,2
f6b72f89-09c9-4805-be09-96198ab19050,103
f7c496b0-9300-11da-8596-b8a03c50a862,488
f7fd7255-5be6-48cf-b76a-821cb84aa93f,1071
f870ac2b-3b10-4ce9-a512-fad62bcddc32,228
f8de3f7e-0325-4a15-aab4-3412f428676e,234
f946666e-67dc-4848-9fa8-2162f3559e33,37316
f99a4d39-ac4b-4c79-baa8-1f29c6e6916a,9
fa59b787-f93e-480d-9e85-bbd638ac4d0f,10
fae37d1f-5b7a-4fe2-8cfa-8948aefbcac2,784
fb62063b-faee-4c51-b126-1546f1c1a93a,2
fb8ae15d-e30c-44b4-8f61-0bb0c1d90ff9,12
fb98e53c-add6-4870-b745-db11cbea753d,758
fbae5895-bc21-4331-93f8-bf8905f33e04,443
fbaea48e-35ff-490c-a108-20ae943ea03f,27
fc313d17-3233-47e1-90ef-2609542dedd3,5
fc355172-2a32-4b83-a0dc-1800ae9f563e,1
fc7cca53-4b48-415a-9d31-9c9b71659697,6
fcfe8243-b388-4199-9e07-012512f42cc8,1121
fd683b66-1c8c-40d2-b4c4-8996a70f0eb6,146
fd7cda6d-0bdb-44ed-9319-010c286d4633,2761
fda694ce-fb23-4c47-b765-4cd7d8b4d43d,35
fdbbb939-ee0b-4c6e-8eb3-15ed92177306,37
fdbbecb9-3e8b-4fbe-aca4-bde861e63e8a,14
fddb5997-0587-4585-88af-57855f120908,32
fdf9e526-bd9b-48e9-bf2d-8f9b0a923066,13
fe4baa57-8f75-472b-982a-7711e3739873,1114
fe9fd170-3d00-413c-bbf1-3130e51f2635,151
feb41318-374b-4ed6-b61e-0369993abedc,1203
fec1c4bf-f8f3-4a8b-bd1e-ab5d31f9834e,602
ff66e6e8-dcb0-4e51-89b1-545ab1161877,14
ff7d3d4a-6c31-4876-8339-a1794f7d0316,1266
ff8ebaf8-a7b4-4911-ab5f-d0ebf3221e66,72
