scientificName,gbif_name,iucn_assessment_year,iucn_redlist_category,AOO.range,AOO_assessment,AOO_assessment_cat,EOO.range,EOO_assessment,EOO_assessment_cat,NOP,GBIF_points_in_NA,MER,AOOkm2,AOOcat,EOOkm2,EOOcat,EOOkm2_manual,EOO_manual_cat,EOOkm2_clipped,EOO_clipped_cat,NOP_old,MER_old,AOOkm2_old,AOOcat_old,EOOkm2_old,EOOcat_old,EOOkm2_manual_old,EOO_manual_old_cat,EOOkm2_clipped_old,EOO_clipped_old_cat,NOP_recent,MER_recent,AOOkm2_recent,AOOcat_recent,EOOkm2_recent,EOOcat_recent,EOOkm2_manual_recent,EOO_manual_recent_cat,EOOkm2_clipped_recent,EOO_clipped_recent_cat,overClassified,underClassified,correctlyClassified,redlistCriteria,B1_binary,B2_binary,5,8,NA,11,7,2,1,9,4,6,3,10,12,Tree,Shrub,Succulent,Graminoid,Forb or Herb,Annual,Geophyte,Moss/Hydrophyte,Vines/Epiphyte/Lithophyte,Fern,EOOcat_long
Abies fraseri,Abies fraseri,2011,Endangered,256,256,EN,11370,11370,VU,13,Yes,4358.10166371286,24,EN,819.233461745544,EN,821.2978776461387,EN,821.2978776461387,EN,NA,NA,NA,NA,NA,NA,NA,NA,NA,NA,13,4358.10166371286,24,EN,819.233461745544,EN,821.2978776461387,EN,821.2978776461387,EN,0,0,1,"B2ab(ii,iii,iv,v)",0,1,0,1,0,1,1,0,0,0,0,0,0,0,0,1,0,0,0,0,0,0,0,0,0,Endangered
Agave albomarginata,Agave albomarginata,2018,Endangered,NA,NA,NA,2503-5002,2503,EN,115,Yes,524483.420518849,284,EN,159061.806276006,LC,169628.20595067646,LC,169628.20595067646,LC,1,0,4,CR,0,CR,0,CR,0,CR,114,524483.420518849,280,EN,159061.806276006,LC,169628.20595067646,LC,169628.20595067646,LC,0,1,0,"B1ab(iii,v)",1,0,0,0,0,0,0,1,1,0,0,0,0,0,0,0,0,1,0,0,0,0,0,0,0,Least Concern
Agave mckelveyana,Agave mckelveyana,2018,Near Threatened,NA,NA,NA,10363,10363,VU,8,Yes,135578.365043796,16,EN,5904.62431251465,VU,6526.825069462182,VU,6526.825069462182,VU,NA,NA,NA,NA,NA,NA,NA,NA,NA,NA,8,135578.365043796,16,EN,5904.62431251465,VU,6526.825069462182,VU,6526.825069462182,VU,1,0,0,"B1ab(i,ii,iii,v)",1,0,0,0,0,0,0,1,1,0,0,0,0,0,0,0,0,1,0,0,0,0,0,0,0,Vulnerable
Aldrovanda vesiculosa,Aldrovanda vesiculosa,2019,Endangered,244,244,EN,114232825,114232825,LC,242,No,155025946.800312,344,EN,118848558.029306,LC,111978281.19708276,LC,63142989.23249917,LC,110,149892936.464425,192,EN,77165806.5237734,LC,78452236.37441571,LC,38971581.97230354,LC,132,136031310.739307,164,EN,105118522.322635,LC,97639409.55580308,LC,53248411.94311759,LC,0,1,0,"B2ab(iii,iv,v)",0,1,1,1,0,0,1,1,1,1,0,0,1,0,0,0,0,0,0,0,0,0,1,0,0,Least Concern
Alnus maritima,Alnus maritima,2014,Endangered,394,394,EN,400000,400000,LC,4,Yes,1252.06278957986,16,EN,392.174607491455,EN,393.2317131992604,EN,393.2317131992604,EN,NA,NA,NA,NA,NA,NA,NA,NA,NA,NA,4,1252.06278957986,16,EN,392.174607491455,EN,393.2317131992604,EN,393.2317131992604,EN,0,0,1,"B2ab(ii,iii,iv)",0,1,0,0,0,1,0,1,0,0,0,0,0,0,0,1,1,0,0,0,0,0,0,0,0,Endangered
Argyroxiphium sandwicense,Argyroxiphium sandwicense,2003,Vulnerable,NA,NA,NA,NA,NA,NA,11,Yes,12883.1366899105,44,EN,3179.33319242263,EN,3164.459557598573,EN,1987.4762589645031,EN,6,9730.7590142163,24,EN,976.044222654991,EN,985.157060451922,EN,459.7933803832347,EN,5,8657.2984108574,20,EN,472.116701533569,EN,472.062804880552,EN,205.65121993073444,EN,1,0,0,D2,0,0,0,1,0,0,0,1,0,0,0,1,0,0,0,0,1,0,0,0,0,0,0,0,0,Endangered
Astrophytum asterias,Astrophytum asterias,2009,Vulnerable,NA,NA,NA,17000,17000,VU,21,Yes,0,4,CR,0,CR,0,CR,0,CR,21,0,4,CR,0,CR,0,CR,0,CR,NA,NA,NA,NA,NA,NA,NA,NA,NA,NA,1,0,0,"B1ab(ii,iii,v)",1,0,1,1,0,0,0,1,0,0,0,0,0,0,0,0,0,1,0,0,0,0,0,0,0,Critically Endangered
Baldellia ranunculoides,Baldellia ranunculoides,2013,Near Threatened,NA,NA,NA,NA,NA,NA,13773,No,9376491.44478181,14416,LC,5935376.79691127,LC,6055667.346200079,LC,2749403.8991830405,LC,9029,5015593.02766045,10696,LC,3383887.35287769,LC,3282302.806878954,LC,1998531.154685442,LC,4744,8770447.7508643,5784,LC,5744364.62400426,LC,5865665.543224959,LC,2678206.658829034,LC,0,1,0,NA,0,0,0,0,0,0,0,1,1,1,0,0,0,0,0,0,0,0,0,1,0,0,0,0,0,Least Concern
Bidens amplissima,Bidens amplissima,2015,Near Threatened,NA,NA,NA,7200,7200,VU,5,Yes,247.894398187102,16,EN,71.4607736621017,CR,71.38256203796936,CR,28.043800169358292,CR,NA,NA,NA,NA,NA,NA,NA,NA,NA,NA,5,247.894398187102,16,EN,71.4607736621017,CR,71.38256203796936,CR,28.043800169358292,CR,1,0,0,NA,0,0,0,1,0,1,1,1,1,1,0,1,0,0,0,0,0,0,0,1,0,0,0,0,0,Critically Endangered
Bidens campylotheca,Bidens campylotheca,2003,Vulnerable,NA,NA,NA,NA,NA,NA,6,No,134625.058278354,24,EN,66747.9014286935,LC,66659.73534663755,LC,27595.10181015008,NT,4,108225.304687115,16,EN,52589.4925094113,LC,52619.26077131492,LC,20526.640721290365,NT,2,18444.1530882452,8,CR,0,CR,0,CR,0,CR,0,1,0,B1ab(iv),1,0,0,1,0,0,0,0,0,0,0,0,0,0,0,0,1,0,0,0,0,0,0,0,0,Least Concern
Brighamia insignis,Brighamia insignis,2016,Critically Endangered,1,1,CR,1,1,CR,3,No,52257.2765187529,12,EN,8913.6718626086,VU,9053.670607896756,VU,1722.8882422304814,EN,NA,NA,NA,NA,NA,NA,NA,NA,NA,NA,3,52257.2765187529,12,EN,8913.6718626086,VU,9053.670607896756,VU,1722.8882422304814,EN,0,1,0,D,0,0,0,1,0,1,0,0,1,0,0,0,0,1,0,0,1,0,0,0,0,0,0,0,0,Vulnerable
Castanea dentata,Castanea dentata,2018,Critically Endangered,NA,NA,NA,NA,NA,NA,519,Yes,32111507.8116862,1616,VU,8366643.12574536,LC,7972373.612592258,LC,4914197.4932188075,LC,17,21546853.3613613,56,EN,2916690.11205493,LC,2310882.3175989594,LC,941782.3323582204,LC,502,32111507.8116862,1524,VU,8366643.12574536,LC,7972373.612592258,LC,4914197.4932188075,LC,0,1,0,A2abe,0,0,0,1,0,0,0,0,0,0,0,0,0,0,0,1,0,0,0,0,0,0,0,0,0,Least Concern
Chamaecyparis lawsoniana,Chamaecyparis lawsoniana,2011,Near Threatened,NA,NA,NA,NA,NA,NA,3977,Yes,308297375.98363,9316,LC,99685369.4736746,LC,99526242.27482197,LC,42281148.1052178,LC,2103,294391239.234491,5260,LC,86931976.6465384,LC,80408358.6077257,LC,34958614.10845947,LC,1874,165432511.405963,4796,LC,21702154.8373495,LC,22117780.97050605,LC,10392717.78889611,LC,0,1,0,NA,0,0,1,1,0,0,0,0,0,0,0,0,0,0,0,1,0,0,0,0,0,0,0,0,0,Least Concern
Coreopsis rosea,Coreopsis rosea,2015,Near Threatened,NA,NA,NA,NA,NA,NA,3,Yes,88485.2701149906,12,EN,2902.34020191077,EN,2928.354438784183,EN,399.2210337926465,EN,NA,NA,NA,NA,NA,NA,NA,NA,NA,NA,3,88485.2701149906,12,EN,2902.34020191077,EN,2928.354438784183,EN,399.2210337926465,EN,1,0,0,NA,0,0,0,1,0,0,1,1,1,1,0,1,0,0,1,0,0,0,0,1,0,0,0,0,0,Endangered
Cupressus goveniana,Cupressus goveniana,2011,Endangered,180,180,EN,5500,5500,VU,3,Yes,154.157823411947,12,EN,23.1127093200684,CR,23.174767029937357,CR,23.174767029937357,CR,NA,NA,NA,NA,NA,NA,NA,NA,NA,NA,3,154.157823411947,12,EN,23.1127093200684,CR,23.174767029937357,CR,23.174767029937357,CR,1,0,0,"B2ab(ii,iii,v)",0,1,0,0,0,0,1,1,1,0,0,0,0,0,0,1,0,0,0,0,0,0,0,0,0,Critically Endangered
Cupressus guadalupensis,Cupressus guadalupensis,2011,Endangered,42,42,EN,NA,NA,NA,1420,Yes,105402.324004015,32,EN,47474.659395292,LC,45353.085131491665,LC,7307.052454609831,VU,1,0,4,CR,0,CR,0,CR,0,CR,1419,105402.324004015,28,EN,47039.8442213529,LC,44975.43967421296,LC,6929.406997330894,VU,0,1,0,"B2ab(ii,iii,iv,v)",0,1,0,0,0,0,1,1,0,0,0,0,0,0,0,1,0,0,0,0,0,0,0,0,0,Least Concern
Cupressus macrocarpa,Cupressus macrocarpa,2011,Vulnerable,13,13,EN,91,91,CR,1432,Yes,273757460.980472,4004,LC,142904852.768961,LC,102943956.29338188,LC,40403633.79670891,LC,615,328785189.902398,1716,VU,99121756.5412144,LC,101457133.5823831,LC,39457401.231597394,LC,817,273729353.745676,2408,NT,142641726.071826,LC,102881005.47951844,LC,40383675.833160505,LC,0,1,0,D2,0,0,0,0,0,0,1,0,0,0,0,0,0,0,0,1,0,0,0,0,0,0,0,0,0,Least Concern
Cupressus sargentii,Cupressus sargentii,2011,Vulnerable,704,704,VU,NA,NA,NA,4,Yes,51046.3765746507,16,EN,508.187645929001,EN,558.2412920102943,EN,558.2412920102943,EN,1,0,4,CR,0,CR,0,CR,0,CR,3,13.797254200079,12,EN,4.36074350308514,CR,4.369926082559687,CR,4.369926082559687,CR,1,0,0,"B2ab(ii,iii,v)",0,1,0,1,0,0,1,1,1,0,0,0,0,0,0,1,0,0,0,0,0,0,0,0,0,Endangered
Cypripedium arietinum,Cypripedium arietinum,2013,Near Threatened,368,368,EN,1180348,1180348,LC,26,Yes,1899188.97153966,104,EN,704192.592823427,LC,706455.342088209,LC,678099.7509897137,LC,10,1021010.69292768,40,EN,367304.837391076,LC,375231.251060596,LC,365906.9145426133,LC,16,1400883.88465181,64,EN,420810.718554228,LC,418357.1761994867,LC,418357.1761994867,LC,0,1,0,NA,0,0,1,1,0,1,1,1,1,0,1,1,1,0,0,0,0,0,0,1,0,1,0,0,0,Least Concern
Cypripedium californicum,Cypripedium californicum,2013,Endangered,"192-450,204",192,EN,112805,112805,LC,11,Yes,62092.8947318805,44,EN,9323.59801180054,VU,9388.87977991598,VU,9388.87977991598,VU,2,54.9510247834016,8,CR,0,CR,0,CR,0,CR,9,54425.0830673001,36,EN,5955.49115027451,VU,5987.164335907627,VU,5987.164335907627,VU,0,1,0,"B2ab(ii,iii,iv,v)",0,1,1,0,0,1,1,1,1,0,0,1,1,0,0,0,0,0,0,1,0,1,0,0,0,Vulnerable
Cypripedium candidum,Cypripedium candidum,2013,Vulnerable,800,800,VU,1887985,1887985,LC,5,Yes,2335109.11444133,20,EN,851315.851737501,LC,766991.013467649,LC,766991.013467649,LC,NA,NA,NA,NA,NA,NA,NA,NA,NA,NA,5,2335109.11444133,20,EN,851315.851737501,LC,766991.013467649,LC,766991.013467649,LC,0,1,0,"B2ab(ii,iii,iv,v)",0,1,1,0,0,1,0,1,1,1,1,1,1,0,0,0,0,0,0,1,0,1,0,0,0,Least Concern
Cypripedium fasciculatum,Cypripedium fasciculatum,2013,Vulnerable,400,400,EN,1209800,1209800,LC,11,Yes,1126633.12653858,44,EN,512303.810353289,LC,519858.7448802343,LC,519858.7448802343,LC,NA,NA,NA,NA,NA,NA,NA,NA,NA,NA,11,1126633.12653858,44,EN,512303.810353289,LC,519858.7448802343,LC,519858.7448802343,LC,0,1,0,"B2ab(ii,iii,iv,v)",0,1,1,0,0,0,1,1,1,1,1,1,0,0,0,0,0,0,0,1,0,1,0,0,0,Least Concern
Cypripedium kentuckiense,Cypripedium kentuckiense,2011,Vulnerable,748,748,VU,882010,882010,LC,4,Yes,341094.744293837,16,EN,224389.923953022,LC,222927.87564665897,LC,222927.87564665897,LC,1,0,4,CR,0,CR,0,CR,0,CR,3,159604.71031019,12,EN,58850.9897719308,LC,58622.30132591468,LC,58622.30132591468,LC,0,1,0,"B2ab(ii,iii,v)",0,1,1,0,0,0,1,1,1,0,1,0,0,0,0,0,0,0,0,1,0,1,0,0,0,Least Concern
Cypripedium montanum,Cypripedium montanum,2013,Vulnerable,700,700,VU,2633500,2633500,LC,29,Yes,3335308.19524262,116,EN,1340112.14605529,LC,1197642.1580217322,LC,1178566.5037009972,LC,6,428637.660040199,24,EN,112323.271076733,LC,110942.1824336499,LC,110942.1824336499,LC,23,3335308.19524262,92,EN,1340112.14605529,LC,982453.4854942476,LC,980140.468368887,LC,0,1,0,"B2ab(ii,iii,iv,v)",0,1,1,0,0,0,1,1,1,1,1,1,0,0,0,0,0,0,0,1,0,1,0,0,0,Least Concern
Cypripedium passerinum,Cypripedium passerinum,2013,Vulnerable,650,650,VU,5722278,5722278,LC,33,Yes,8348423.24539101,132,EN,4231456.15792194,LC,3947049.415512246,LC,3928366.218737358,LC,8,1988100.04788124,32,EN,1385384.22437854,LC,1383240.3990121929,LC,1383240.3990121929,LC,25,7676834.35991933,100,EN,3596179.49375494,LC,3504546.946597784,LC,3493162.1326108864,LC,0,1,0,"B2b(ii,iii,v)c(iv); C2b",0,1,1,0,0,0,1,1,1,0,1,1,0,0,0,0,0,0,0,1,0,1,0,0,0,Least Concern
Cypripedium yatabeanum,Cypripedium yatabeanum,2013,Near Threatened,2500,2500,NT,5253000,5253000,LC,14,Yes,4247371.27841051,56,EN,495588.818384219,LC,3113808.210651573,LC,2109445.0044984384,LC,NA,NA,NA,NA,NA,NA,NA,NA,NA,NA,14,4247371.27841051,56,EN,495588.818384219,LC,3113808.210651573,LC,2109445.0044984384,LC,0,1,0,NA,0,0,1,0,0,1,0,1,1,1,1,1,0,0,0,0,0,0,0,1,0,1,0,0,0,Least Concern
Echinocereus chisosensis,Echinocereus chisosensis,2009,Endangered,NA,NA,NA,4800,4800,EN,11,Yes,32136.4555980939,20,EN,14313.2564593454,VU,14976.88436138956,VU,14976.88436138956,VU,6,0,4,CR,0,CR,0,CR,0,CR,5,12240.700889714,16,EN,2542.28995833277,EN,2640.1811214007903,EN,2640.1811214007903,EN,0,1,0,B1ab(v),1,0,1,1,0,0,0,0,0,0,0,0,0,0,0,0,0,1,0,0,0,0,0,0,0,Vulnerable
Erythrina sandwicensis,Erythrina sandwicensis,2017,Vulnerable,5796,5796,LC,71549,71549,LC,5,Yes,38308.8938865416,20,EN,8673.02269671029,VU,8702.97313823481,VU,1561.2958803089714,EN,NA,NA,NA,NA,NA,NA,NA,NA,NA,NA,5,38308.8938865416,20,EN,8673.02269671029,VU,8702.97313823481,VU,1561.2958803089714,EN,0,0,1,D2,0,0,0,1,0,0,1,0,1,0,0,0,0,0,0,1,0,0,0,0,0,0,0,0,0,Vulnerable
Eucalyptus bridgesiana,Eucalyptus bridgesiana,2019,Vulnerable,2040,2040,NT,285005,285005,LC,5225,No,967482.899134814,10756,LC,660695.884725062,LC,660739.7568669394,LC,658326.2113243132,LC,3719,779444.523368514,8348,LC,410863.778878016,LC,420823.772212986,LC,418520.5684195788,LC,1506,893943.140953425,3212,LC,581330.696888598,LC,589008.7698997171,LC,588975.4893693575,LC,0,1,0,A2c,0,0,0,0,0,0,0,1,0,0,0,0,0,0,0,1,0,0,0,0,0,0,0,0,0,Least Concern
Eucalyptus grandis,Eucalyptus grandis,2019,Near Threatened,624,624,VU,532129.241777861,532129.241777861,LC,2187,No,143009475.337157,3964,LC,89828983.0084414,LC,61203468.08569705,LC,21638377.098573312,LC,1038,77933306.5638592,2376,NT,27582673.1530727,LC,51948799.17830173,LC,19305241.780536737,LC,1149,120610248.691627,1960,VU,75157428.5954591,LC,50977452.439808846,LC,18139290.813549258,LC,0,1,0,A2c,0,0,0,0,0,0,0,1,1,0,0,0,0,0,0,1,0,0,0,0,0,0,0,0,0,Least Concern
Eucalyptus marginata,Eucalyptus marginata,2019,Near Threatened,1884,1884,VU,118629.260212101,118629.260212101,LC,361,No,219581.116589306,880,VU,115660.315709982,LC,114518.31668041166,LC,96282.58389532346,LC,284,218626.497507984,732,VU,115183.810177243,LC,114055.91421727587,LC,95864.3638748542,LC,77,162772.198656066,176,EN,76019.9958569091,LC,76773.82543789281,LC,59327.6363984287,LC,0,1,0,A2c,0,0,0,0,0,0,0,1,0,0,0,0,0,0,0,1,0,0,0,0,0,0,0,0,0,Least Concern
Eucalyptus pilularis,Eucalyptus pilularis,2019,Near Threatened,844,844,VU,287128.86,287128.86,LC,8496,No,2463355.50091108,9560,LC,1329608.03565986,LC,1408623.0106459989,LC,1387479.639377323,LC,5333,538817.055598485,7364,LC,199042.841398955,LC,226457.50705833093,LC,205912.3741187301,LC,3163,2336138.94741231,4184,LC,1195229.03083709,LC,1277347.0543898586,LC,1261882.5839836984,LC,0,1,0,A2c,0,0,0,0,0,0,0,1,1,0,0,0,0,0,0,1,0,0,0,0,0,0,0,0,0,Least Concern
Eurybia furcata,Eurybia furcata,2017,Endangered,420-508,420,EN,245100-341890,245100,LC,7,Yes,8000.5655989609,28,EN,4017.29021963464,EN,4022.122048061661,EN,4022.122048061661,EN,NA,NA,NA,NA,NA,NA,NA,NA,NA,NA,7,8000.5655989609,28,EN,4017.29021963464,EN,4022.122048061661,EN,4022.122048061661,EN,0,0,1,"B2ab(i,ii,iii,iv,v)",0,1,1,1,0,0,0,0,1,0,0,0,0,0,0,0,0,0,0,1,0,0,0,0,0,Endangered
Fraxinus americana,Fraxinus americana,2017,Critically Endangered,NA,NA,NA,4800000,4800000,LC,1158,Yes,145955687.493726,2292,NT,73316140.8917041,LC,66467493.03848221,LC,27635832.996404193,LC,365,26229715.523421,440,EN,12213916.6728256,LC,11869668.741171584,LC,4756382.139591361,LC,793,145809524.97251,1880,VU,72218889.9093116,LC,65409331.64818077,LC,26991680.536162905,LC,0,1,0,A3e+4ae,0,0,0,1,0,0,0,0,0,0,0,0,0,0,0,1,0,0,0,0,0,0,0,0,0,Least Concern
Fraxinus caroliniana,Fraxinus caroliniana,2017,Endangered,NA,NA,NA,1511831,1511831,LC,7,Yes,1090322.32666557,28,EN,489269.044599814,LC,498420.5615304111,LC,293331.0708200471,LC,NA,NA,NA,NA,NA,NA,NA,NA,NA,NA,7,1090322.32666557,28,EN,489269.044599814,LC,498420.5615304111,LC,293331.0708200471,LC,0,1,0,A3e+4ae,0,0,1,1,0,0,0,0,0,0,0,0,0,0,0,1,0,0,0,0,0,0,0,0,0,Least Concern
Fraxinus latifolia,Fraxinus latifolia,2017,Near Threatened,NA,NA,NA,517758,517758,LC,92,Yes,15987898.1720871,276,EN,6861341.56918998,LC,6309641.49610106,LC,4834385.9475691235,LC,1,0,4,CR,0,CR,0,CR,0,CR,91,15987898.1720871,276,EN,6852161.56906479,LC,6301367.388768894,LC,4827470.546921579,LC,0,1,0,A3e,0,0,1,1,0,0,0,0,1,0,0,0,0,0,0,1,0,0,0,0,0,0,0,0,0,Least Concern
Fraxinus nigra,Fraxinus nigra,2017,Critically Endangered,NA,NA,NA,2000000,2000000,LC,206,Yes,3623514.4192399,664,VU,2437398.27470483,LC,2425953.3487805575,LC,2240929.7037412063,LC,7,1284992.0189071,28,EN,546123.666202049,LC,547893.6115072144,LC,544076.9551671009,LC,199,3623514.4192399,636,VU,2351629.78974009,LC,2341457.881903859,LC,2156434.2368645077,LC,0,1,0,A3e+4ae,0,0,0,1,0,0,0,0,0,0,0,0,0,0,0,1,0,0,0,0,0,0,0,0,0,Least Concern
Fraxinus pennsylvanica,Fraxinus pennsylvanica,2017,Critically Endangered,NA,NA,NA,9000000,9000000,LC,35821,Yes,308997058.99431,3044,LC,99838873.2059645,LC,113760836.53561744,LC,55436017.87848449,LC,35163,30636519.4654447,1328,VU,15979065.0897277,LC,16131030.221778644,LC,6680706.934189884,LC,658,274782563.754593,1744,VU,122577546.06527,LC,113723741.60607477,LC,55398922.94894181,LC,0,1,0,A3e+4ae,0,0,0,1,0,0,0,0,0,0,0,0,0,0,0,1,0,0,0,0,0,0,0,0,0,Least Concern
Fraxinus profunda,Fraxinus profunda,2017,Critically Endangered,NA,NA,NA,1000000,1000000,LC,17,Yes,1806448.43514261,56,EN,1021975.29744699,LC,1019069.924564066,LC,1019069.924564066,LC,NA,NA,NA,NA,NA,NA,NA,NA,NA,NA,17,1806448.43514261,56,EN,1021975.29744699,LC,1019069.924564066,LC,1019069.924564066,LC,0,1,0,A3e+4ae,0,0,0,1,0,0,0,1,0,0,0,0,0,0,0,1,0,0,0,0,0,0,0,0,0,Least Concern
Fraxinus quadrangulata,Fraxinus quadrangulata,2017,Critically Endangered,NA,NA,NA,1145982,1145982,LC,41,Yes,24541582.9359959,140,EN,4148271.17286363,LC,3326262.8715726044,LC,1712728.799870801,LC,10,765375.389318204,28,EN,373737.932568242,LC,368886.5120686832,LC,368886.5120686832,LC,31,24541582.9359959,120,EN,4148271.17286363,LC,3326262.8715726044,LC,1712728.799870801,LC,0,1,0,A3e+4ae,0,0,0,1,0,0,0,0,0,0,0,0,0,0,0,1,0,0,0,0,0,0,0,0,0,Least Concern
Galanthus nivalis,Galanthus nivalis,2008,Near Threatened,NA,NA,NA,3800000,3800000,LC,1596,Yes,17659768.0542195,3964,LC,9671642.67262303,LC,10252870.145566983,LC,3468694.32228049,LC,NA,NA,NA,NA,NA,NA,NA,NA,NA,NA,1596,17659768.0542195,3964,LC,9671642.67262303,LC,10252870.145566983,LC,3468694.32228049,LC,0,1,0,NA,0,0,1,0,0,1,0,1,1,0,0,0,0,0,0,0,0,0,0,1,0,1,0,0,0,Least Concern
Geum peckii,Geum peckii,2015,Near Threatened,112,112,EN,NA,NA,NA,4,Yes,7496.8022220633,16,EN,3746.09918353644,EN,3745.566880880033,EN,3257.7752533551356,EN,NA,NA,NA,NA,NA,NA,NA,NA,NA,NA,4,7496.8022220633,16,EN,3746.09918353644,EN,3745.566880880033,EN,3257.7752533551356,EN,1,0,0,NA,0,0,0,1,0,1,1,1,1,0,0,1,0,0,0,0,0,0,0,1,0,0,0,0,0,Endangered
Gossypium thurberi,Gossypium thurberi,2016,Endangered,352.000,352,EN,182411.500,182411.5,LC,9,Yes,4716.63324084175,24,EN,1269.00257970155,EN,1261.5562849559356,EN,1261.5562849559356,EN,NA,NA,NA,NA,NA,NA,NA,NA,NA,NA,9,4716.63324084175,24,EN,1269.00257970155,EN,1261.5562849559356,EN,1261.5562849559356,EN,0,0,1,"B2ab(i,ii,iii)",0,1,0,0,0,0,0,1,0,0,0,0,1,0,0,0,1,0,0,0,0,0,0,0,0,Endangered
Gossypium tomentosum,Gossypium tomentosum,2017,Vulnerable,872,872,VU,23953,23953,NT,14,Yes,8300.23391350743,56,EN,3093.91368225363,EN,3110.0948820828635,EN,553.8739656572038,EN,NA,NA,NA,NA,NA,NA,NA,NA,NA,NA,14,8300.23391350743,56,EN,3093.91368225363,EN,3110.0948820828635,EN,553.8739656572038,EN,1,0,0,"B2ab(i,ii,iii,iv,v)",0,1,0,1,0,1,1,0,1,0,0,0,0,0,0,0,1,0,0,0,0,0,0,0,0,Endangered
Guaiacum sanctum,Guaiacum sanctum,2016,Near Threatened,NA,NA,NA,NA,NA,NA,727,Yes,14644995.2803835,112,EN,6167476.62239377,LC,6137025.220477173,LC,3431629.0664983555,LC,1,0,4,CR,0,CR,0,CR,0,CR,726,14644995.2803835,108,EN,6167476.62239377,LC,6137025.220477173,LC,3431629.0664983555,LC,0,1,0,A2c,0,0,1,0,0,0,0,1,1,0,0,0,0,0,0,1,0,0,0,0,0,0,0,0,0,Least Concern
Hibiscus arnottianus,Hibiscus arnottianus,2020,Endangered,752,752,VU,3401,3401,EN,19,Yes,116613.760216729,76,EN,11651.7975303679,VU,11732.51867221843,VU,2758.239663895083,EN,2,5791.99022747467,8,CR,0,CR,0,CR,0,CR,17,64617.8671794155,68,EN,7652.70981886859,VU,7691.570171140949,VU,2063.2335173759348,EN,0,1,0,B1ab(iii),1,0,0,1,0,1,1,0,0,0,0,0,0,0,0,1,1,0,0,0,0,0,0,0,0,Vulnerable
Hydrastis canadensis,Hydrastis canadensis,2014,Vulnerable,2500-12500,2500,NT,1200000-1250000,1200000,LC,42,Yes,22993681.1438742,148,EN,3598957.35443425,LC,3292876.126848621,LC,1445165.3500377194,LC,1,0,4,CR,0,CR,0,CR,0,CR,41,22993681.1438742,144,EN,3598957.35443425,LC,3292876.126848621,LC,1445165.3500377194,LC,0,1,0,A2cd+4cd,0,0,1,1,0,0,1,1,1,0,0,1,0,0,0,0,0,0,0,1,0,0,0,0,0,Least Concern
Iris lacustris,Iris lacustris,2015,Near Threatened,26-125,26,EN,NA,NA,NA,29,Yes,78125.25941741,112,EN,46874.0169882656,LC,46878.89502977354,LC,46878.89502977354,LC,10,37832.8439262271,32,EN,7928.09350188519,VU,7802.117088943662,VU,7802.117088943662,VU,19,76791.2809073385,76,EN,45883.3491228831,LC,45888.92832243265,LC,45888.92832243265,LC,0,1,0,NA,0,0,0,0,0,0,0,0,1,0,0,1,0,0,1,0,0,0,0,0,0,1,0,0,0,Least Concern
Juglans californica,Juglans californica,2018,Near Threatened,1200-2000,1200,VU,28852,28852,NT,288,Yes,283248.315931097,564,VU,88112.2682602572,LC,90032.55949186515,LC,81137.41711512468,LC,3,16295.6426165287,12,EN,2530.04600085281,EN,2522.5286133720656,EN,2270.803712292807,EN,285,283248.315931097,568,VU,80317.9211988164,LC,82167.53201922103,LC,75949.05823138617,LC,0,1,0,B2b(iii),0,1,0,1,0,1,1,1,1,0,1,1,0,0,0,1,0,0,0,0,0,0,0,0,0,Least Concern
Juglans cinerea,Juglans cinerea,2018,Endangered,NA,NA,NA,NA,NA,NA,671,Yes,32736827.1725899,1720,VU,14309646.3647422,LC,13902402.084784357,LC,5680840.626339994,LC,34,21672494.219548,112,EN,7094990.30639978,LC,6536900.695507631,LC,2762924.7628686265,LC,637,32504072.5164253,1644,VU,13716528.6514483,LC,13379021.510032471,LC,5329984.095008158,LC,0,1,0,A2e+3e+4e,0,0,0,1,0,1,0,1,0,0,0,0,0,0,0,1,0,0,0,0,0,0,0,0,0,Least Concern
Lathyrus rotundifolius,Lathyrus rotundifolius,2018,Near Threatened,144,144,EN,405962,405962,LC,79,No,6481513.77186236,96,EN,2861291.1956624,LC,2799219.723552656,LC,2447236.6586394124,LC,11,1334771.31068061,12,EN,10421.5209063174,VU,10832.168668820988,VU,8669.857304568752,VU,68,5188114.56977447,92,EN,850086.221238202,LC,977165.9082246224,LC,779469.9297844457,LC,0,1,0,B2b(iii),0,1,0,0,0,0,0,0,1,0,0,0,0,0,0,0,0,0,0,1,0,0,0,1,0,Least Concern
Lophophora williamsii,Lophophora williamsii,2009,Vulnerable,NA,NA,NA,NA,NA,NA,18,Yes,357262.252577386,72,EN,134951.531829411,LC,128621.3711118931,LC,128621.3711118931,LC,NA,NA,NA,NA,NA,NA,NA,NA,NA,NA,18,357262.252577386,72,EN,134951.531829411,LC,128621.3711118931,LC,128621.3711118931,LC,0,1,0,A4acd,0,0,1,0,0,0,0,1,0,0,0,0,0,0,0,0,0,1,0,0,0,0,0,0,0,Least Concern
Olneya tesota,Olneya tesota,2018,Near Threatened,NA,NA,NA,494026,494026,LC,471,Yes,850790.469578952,980,VU,401889.022573893,LC,394050.3913867665,LC,267301.38360977214,LC,7,619356.124831189,24,EN,236385.933103303,LC,225810.361951055,LC,137342.57085585833,LC,464,850790.469578952,980,VU,401889.022573893,LC,394050.3913867665,LC,267301.38360977214,LC,0,1,0,A2d,0,0,1,1,0,0,1,0,1,0,0,0,0,0,0,1,0,0,0,0,0,0,0,0,0,Least Concern
Pediocactus bradyi,Pediocactus bradyi,2010,Near Threatened,NA,NA,NA,NA,NA,NA,4,Yes,118.280308343407,16,EN,52.8937722118404,CR,52.99480334341024,CR,52.99480334341024,CR,NA,NA,NA,NA,NA,NA,NA,NA,NA,NA,4,118.280308343407,16,EN,52.8937722118404,CR,52.99480334341024,CR,52.99480334341024,CR,1,0,0,NA,0,0,1,0,0,0,0,0,1,0,1,1,0,0,0,0,0,1,0,0,0,0,0,0,0,Critically Endangered
Pediocactus paradinei,Pediocactus paradinei,2010,Endangered,NA,NA,NA,1600,1600,EN,5,Yes,132.661593717422,20,EN,64.8672973317165,CR,64.97318382765661,CR,64.97318382765661,CR,NA,NA,NA,NA,NA,NA,NA,NA,NA,NA,5,132.661593717422,20,EN,64.8672973317165,CR,64.97318382765661,CR,64.97318382765661,CR,1,0,0,B1ab(iv)c(iv),1,0,1,0,0,0,1,0,0,0,1,0,0,0,0,0,0,1,0,0,0,0,0,0,0,Critically Endangered
Picea breweriana,Picea breweriana,2010,Vulnerable,775,775,VU,12000,12000,VU,16,Yes,17055664.768172,64,EN,4695438.93932875,LC,5114160.553251472,LC,2127671.3717711237,LC,5,15327036.6851356,20,EN,2252597.98539176,LC,2655426.3352924623,LC,949961.1939844424,LC,11,14005121.1517384,44,EN,3359568.85846438,LC,3498652.805113689,LC,1557717.244877357,LC,0,1,0,"A3c+4ac; B1ab(ii,iii,iv,v)+2ab(ii,iii,iv,v)",1,1,0,0,0,0,1,0,0,0,0,0,0,0,0,1,0,0,0,0,0,0,0,0,0,Least Concern
Pinus albicaulis,Pinus albicaulis,2011,Endangered,NA,NA,NA,337067,337067,LC,29,Yes,2318967.87138938,100,EN,1341773.04063129,LC,1263230.0584569816,LC,1247215.950183018,LC,3,0,4,CR,0,CR,0,CR,0,CR,26,2318967.87138938,104,EN,1324897.78500538,LC,1263230.0584569816,LC,1247215.950183018,LC,0,1,0,A4ace,0,0,0,1,0,1,1,0,0,0,0,0,0,0,0,1,0,0,0,0,0,0,0,0,0,Least Concern
Pinus balfouriana,Pinus balfouriana,2011,Near Threatened,136,136,EN,73569,73569,LC,10,Yes,200239.555850051,36,EN,12569.3215558307,VU,11794.577639398498,VU,11794.577639398498,VU,NA,NA,NA,NA,NA,NA,NA,NA,NA,NA,10,200239.555850051,36,EN,12569.3215558307,VU,11794.577639398498,VU,11794.577639398498,VU,1,0,0,NA,0,0,0,0,0,1,0,0,0,1,0,0,0,0,0,1,0,0,0,0,0,0,0,0,0,Vulnerable
Pinus coulteri,Pinus coulteri,2011,Near Threatened,816,816,VU,122863,122863,LC,14,Yes,15581042.1490572,52,EN,3966757.84059261,LC,3793169.468749186,LC,2100176.6554171997,LC,4,21177.4189647786,12,EN,1977.13549135889,EN,1981.9857752768296,EN,1981.9857752768296,EN,10,270218.260091156,40,EN,59887.5425993344,LC,61247.229212052305,LC,61247.229212052305,LC,0,1,0,NA,0,0,0,0,0,0,1,0,0,0,0,0,0,0,0,1,0,0,0,0,0,0,0,0,0,Least Concern
Pinus monticola,Pinus monticola,2011,Near Threatened,NA,NA,NA,NA,NA,NA,15,Yes,17613340.6059209,40,EN,9865699.4951016,LC,9717857.24026128,LC,5652888.345797363,LC,2,4085249.89555977,8,CR,0,CR,0,CR,0,CR,13,17613340.6059209,32,EN,6900477.3012103,LC,6269243.3453179775,LC,4552228.489006827,LC,0,1,0,NA,0,0,1,1,0,0,1,0,0,0,0,0,0,0,0,1,0,0,0,0,0,0,0,0,0,Least Concern
Pinus muricata,Pinus muricata,2011,Vulnerable,650,650,VU,113753,113753,LC,25,No,191692382.620081,52,EN,47257779.6411178,LC,74814028.56323366,LC,30904012.487230457,LC,16,131836.506717605,28,EN,56441.5926772461,LC,55614.19493410284,LC,52301.280242917936,LC,9,182160813.307704,24,EN,44670845.1955963,LC,69574217.38595337,LC,28834934.834650353,LC,0,1,0,B2ab(iii),0,1,0,0,0,0,1,0,0,0,0,0,0,0,0,1,1,0,0,0,0,0,0,0,0,Least Concern
Pinus palustris,Pinus palustris,2011,Endangered,NA,NA,NA,NA,NA,NA,31,Yes,1481814.77981346,100,EN,724597.459442516,LC,726466.6857530312,LC,515500.1451235481,LC,1,0,4,CR,0,CR,0,CR,0,CR,30,1481814.77981346,100,EN,724597.459442516,LC,726466.6857530312,LC,515500.1451235481,LC,0,1,0,A2cde,0,0,1,0,0,0,0,1,0,0,0,0,0,0,0,1,0,0,0,0,0,0,0,0,0,Least Concern
Pinus radiata,Pinus radiata,2011,Endangered,30,30,EN,116144,116144,LC,21148,Yes,302706264.680973,17180,LC,201481325.178936,LC,186686435.1840498,LC,65055683.37906636,LC,3267,204919000.46316,7744,LC,41476681.9736227,LC,41360565.18328181,LC,16116517.173113637,LC,17881,276013895.608554,10728,LC,191802409.934842,LC,185792537.74427733,LC,65026844.94671185,LC,0,1,0,"B2ab(ii,iii,v)",0,1,1,1,0,0,1,0,0,0,0,0,0,0,0,1,0,0,0,0,0,0,0,0,0,Least Concern
Pinus torreyana,Pinus torreyana,2011,Critically Endangered,1-8,1,CR,NA,NA,NA,11,Yes,36271.9563160039,20,EN,4427.5761102157,EN,4383.148593661856,EN,21.445000846288167,CR,NA,NA,NA,NA,NA,NA,NA,NA,NA,NA,11,36271.9563160039,20,EN,4427.5761102157,EN,4383.148593661856,EN,21.445000846288167,CR,0,1,0,"B2ab(ii,iii,v)",0,1,0,1,0,0,1,0,1,0,0,0,0,0,0,1,0,0,0,0,0,0,0,0,0,Endangered
Platanthera chapmanii,Platanthera chapmanii,2014,Vulnerable,NA,NA,NA,45000,45000,LC,6,Yes,263.752107214434,24,EN,187.252400004049,EN,187.8053517995104,EN,187.8053517995104,EN,NA,NA,NA,NA,NA,NA,NA,NA,NA,NA,6,263.752107214434,24,EN,187.252400004049,EN,187.8053517995104,EN,187.8053517995104,EN,1,0,0,D1,0,0,1,0,0,0,0,1,1,1,0,1,0,0,0,0,0,0,0,1,0,0,0,0,0,Endangered
Platanthera integrilabia,Platanthera integrilabia,2014,Near Threatened,300,300,EN,109000,109000,LC,4,Yes,32156.3713355009,16,EN,2607.47551960239,EN,2655.5205206038663,EN,2655.5205206038663,EN,NA,NA,NA,NA,NA,NA,NA,NA,NA,NA,4,32156.3713355009,16,EN,2607.47551960239,EN,2655.5205206038663,EN,2655.5205206038663,EN,1,0,0,NA,0,0,1,1,0,0,0,1,1,1,1,1,0,0,0,0,0,0,0,1,0,0,0,0,0,Endangered
Pseudotsuga macrocarpa,Pseudotsuga macrocarpa,2011,Near Threatened,315,315,EN,22791,22791,NT,20,Yes,27060.6087564435,72,EN,9724.16697269949,VU,9678.695245122362,VU,9678.695245122362,VU,1,0,4,CR,0,CR,0,CR,0,CR,19,8966.68144583251,68,EN,4048.27248081937,EN,4058.5361671314968,EN,4058.5361671314968,EN,1,0,0,NA,0,0,0,0,0,0,1,0,0,0,0,0,0,0,0,1,0,0,0,0,0,0,0,0,0,Vulnerable
Quercus arkansana,Quercus arkansana,2017,Vulnerable,1004-1400,1004,VU,345065,345065,LC,7,Yes,259220.473545437,28,EN,147033.337036788,LC,147639.73614435992,LC,147639.73614435992,LC,NA,NA,NA,NA,NA,NA,NA,NA,NA,NA,7,259220.473545437,28,EN,147033.337036788,LC,147639.73614435992,LC,147639.73614435992,LC,0,1,0,"B2ab(ii,iii,v)",0,1,1,1,0,1,1,1,1,1,0,0,0,0,0,1,0,0,0,0,0,0,0,0,0,Least Concern
Quercus austrina,Quercus austrina,2016,Vulnerable,1500,1500,VU,375000,375000,LC,3,Yes,1594648.2607050801,12,EN,451257.811897259,LC,463804.11868947744,LC,455574.0725398466,LC,1,0,4,CR,0,CR,0,CR,0,CR,2,177396.055461678,8,CR,0,CR,0,CR,0,CR,0,1,0,"B2ab(ii,iv,v)",0,1,1,1,0,1,0,1,0,0,0,1,1,0,0,1,0,0,0,0,0,0,0,0,0,Least Concern
Quercus dumosa,Quercus dumosa,2016,Endangered,620,620,VU,12500,12500,VU,6,Yes,39082.5544408181,24,EN,3575.33925929932,EN,3516.017244963412,EN,3193.850647311163,EN,NA,NA,NA,NA,NA,NA,NA,NA,NA,NA,6,39082.5544408181,24,EN,3575.33925929932,EN,3516.017244963412,EN,3193.850647311163,EN,0,0,1,"B2ab(ii,iii,iv,v)",0,1,0,1,0,0,1,0,1,0,0,1,0,0,0,1,1,0,0,0,0,0,0,0,0,Endangered
Quercus engelmannii,Quercus engelmannii,2016,Endangered,1220,1220,VU,18800,18800,VU,30,Yes,24957.3840420232,76,EN,5303.49077513867,VU,5347.0549755522225,VU,5347.0549755522225,VU,1,0,4,CR,0,CR,0,CR,0,CR,29,24957.3840420232,68,EN,4955.19864509515,EN,5001.675491163303,VU,5001.675491163303,VU,0,1,0,A3c,0,0,0,1,0,1,1,1,1,0,0,0,0,0,0,1,0,0,0,0,0,0,0,0,0,Vulnerable
Quercus georgiana,Quercus georgiana,2015,Endangered,72-272,72,EN,16570-21600,16570,VU,5,Yes,372.396914078209,20,EN,135.416709724976,EN,135.70960959616878,EN,135.70960959616878,EN,NA,NA,NA,NA,NA,NA,NA,NA,NA,NA,5,372.396914078209,20,EN,135.416709724976,EN,135.70960959616878,EN,135.70960959616878,EN,0,0,1,"B2ab(i,ii,iii,iv,v)",0,1,0,1,0,1,0,0,0,0,0,1,0,0,0,1,0,0,0,0,0,0,0,0,0,Endangered
Quercus havardii,Quercus havardii,2016,Endangered,NA,NA,NA,389560,389560,LC,55,Yes,1009212.69553899,172,EN,464905.000019316,LC,463993.53473087214,LC,463993.53473087214,LC,36,232234.753465103,116,EN,137400.480830579,LC,138217.53782621678,LC,138217.53782621678,LC,19,719012.207542345,64,EN,208437.850077306,LC,212686.35998106023,LC,212686.35998106023,LC,0,1,0,A2bc,0,0,0,0,0,0,0,1,0,1,0,0,1,0,0,0,1,0,0,0,0,0,0,0,0,Least Concern
Quercus lobata,Quercus lobata,2017,Near Threatened,NA,NA,NA,280000,280000,LC,429,Yes,328774.223590734,1056,VU,136790.947838459,LC,137756.334230833,LC,135290.25635071922,LC,4,59124.3790260834,16,EN,30543.5415067992,LC,30295.66886449675,LC,30295.66886449675,LC,425,319446.727751176,996,VU,134458.302752198,LC,135762.58100863383,LC,133296.50312852007,LC,0,1,0,A3c,0,0,0,0,0,1,1,1,1,0,0,0,0,0,0,1,0,0,0,0,0,0,0,0,0,Least Concern
Quercus pacifica,Quercus pacifica,2016,Endangered,NA,NA,NA,3800,3800,EN,20,No,18999.4581748031,80,EN,6240.59864148804,VU,6268.631342671939,VU,NA,NA,1,0,4,CR,0,CR,0,CR,NA,NA,19,18999.4581748031,76,EN,4764.25084532166,EN,4777.305829097877,EN,NA,NA,0,1,0,B1ab(v),1,0,1,1,0,0,0,1,1,1,0,1,1,0,0,1,1,0,0,0,0,0,0,0,0,Vulnerable
Quercus palmeri,Quercus palmeri,2016,Near Threatened,2800,2800,NT,623500,623500,LC,6,Yes,719271.156220948,24,EN,217557.677817536,LC,220150.90137814125,LC,220150.90137814125,LC,NA,NA,NA,NA,NA,NA,NA,NA,NA,NA,6,719271.156220948,24,EN,217557.677817536,LC,220150.90137814125,LC,220150.90137814125,LC,0,1,0,"A3c; B2b(ii,iii)",0,1,0,1,0,1,1,0,1,0,0,0,0,0,0,1,1,0,0,0,0,0,0,0,0,Least Concern
Quercus parvula,Quercus parvula,2016,Near Threatened,740,740,VU,138225,138225,LC,8,Yes,116857.361963801,28,EN,4236.86411732904,EN,5616.536607097369,VU,5511.946322897005,VU,NA,NA,NA,NA,NA,NA,NA,NA,NA,NA,8,116857.361963801,28,EN,4236.86411732904,EN,5616.536607097369,VU,5511.946322897005,VU,1,0,0,NA,0,0,0,1,0,1,1,1,1,0,0,1,0,0,0,1,1,0,0,0,0,0,0,0,0,Endangered
Quercus sadleriana,Quercus sadleriana,2016,Near Threatened,NA,NA,NA,14000,14000,VU,3,Yes,1983.52618840822,12,EN,927.397007388802,EN,932.5398637248436,EN,932.5398637248436,EN,NA,NA,NA,NA,NA,NA,NA,NA,NA,NA,3,1983.52618840822,12,EN,927.397007388802,EN,932.5398637248436,EN,932.5398637248436,EN,1,0,0,NA,0,0,1,0,0,0,1,1,1,0,1,1,1,0,0,0,1,0,0,0,0,0,0,0,0,Endangered
Quercus tomentella,Quercus tomentella,2016,Endangered,200-250,200,EN,43500,43500,LC,24,No,97712.3461843067,36,EN,17261.2432811741,VU,17795.823268807486,VU,NA,NA,NA,NA,NA,NA,NA,NA,NA,NA,NA,NA,24,97712.3461843067,36,EN,17261.2432811741,VU,17795.823268807486,VU,NA,NA,0,1,0,"B2ab(i,ii,iv,v)",0,1,0,1,0,0,0,1,0,0,0,0,0,0,0,1,0,0,0,0,0,0,0,0,0,Vulnerable
Sabatia kennedyana,Sabatia kennedyana,2015,Near Threatened,1120,1120,VU,NA,NA,NA,5,Yes,97508.667168229,20,EN,7910.64282253131,VU,7870.08793673187,VU,674.7103242133671,EN,NA,NA,NA,NA,NA,NA,NA,NA,NA,NA,5,97508.667168229,20,EN,7910.64282253131,VU,7870.08793673187,VU,674.7103242133671,EN,1,0,0,NA,0,0,1,1,0,0,1,0,1,1,0,1,0,0,0,0,0,0,0,1,0,0,0,0,0,Vulnerable
Sarracenia alata,Sarracenia alata,2000,Near Threatened,NA,NA,NA,NA,NA,NA,5,Yes,68541.5503444595,20,EN,37410.1475550176,LC,37580.22194108105,LC,37580.22194108105,LC,4,55785.2910129596,16,EN,17077.3272516237,VU,17189.349542003183,VU,17189.349542003183,VU,1,0,4,CR,0,CR,0,CR,0,CR,0,1,0,NA,0,0,1,1,0,0,1,1,1,1,0,0,0,0,0,0,0,0,0,1,0,0,0,0,0,Least Concern
Sequoia sempervirens,Sequoia sempervirens,2011,Endangered,1400-2000,1400,VU,44000,44000,LC,528,Yes,377113029.489424,1400,VU,246272793.689586,LC,97796519.1267834,LC,41312677.877309114,LC,270,288176624.929441,760,VU,81059200.2329643,LC,77487695.77977298,LC,32838600.421969764,LC,258,261262199.59059,656,VU,91235929.7968827,LC,93040834.77449147,LC,40408179.09426321,LC,0,1,0,A2acd,0,0,1,0,0,0,0,0,1,0,0,0,0,0,0,1,0,0,0,0,0,0,0,0,0,Least Concern
Sequoiadendron giganteum,Sequoiadendron giganteum,2011,Endangered,142,142,EN,13000,13000,VU,1006,Yes,294076342.359622,2612,NT,87955554.7046237,LC,85385397.87931484,LC,36462293.25582155,LC,559,284116511.33898,1588,VU,79362579.6032172,LC,75441627.8002338,LC,31472039.294009507,LC,447,28676775.5748961,1204,VU,12232659.6248588,LC,14000392.7924372,LC,5251620.8887482155,LC,0,1,0,"B2ab(ii,iii,v)",0,1,0,1,0,0,1,0,0,0,0,0,0,0,0,1,0,0,0,0,0,0,0,0,0,Least Concern
Solidago houghtonii,Solidago houghtonii,2015,Near Threatened,10-296,10,EN,NA,NA,NA,4,Yes,19711.1330477412,16,EN,2694.88254234644,EN,2714.140761331917,EN,2714.140761331917,EN,1,0,4,CR,0,CR,0,CR,0,CR,3,116.173157894216,12,EN,51.4915363575115,CR,51.53688227637758,CR,51.53688227637758,CR,1,0,0,NA,0,0,0,0,0,0,1,0,1,0,1,1,0,0,0,0,0,0,0,1,0,0,0,0,0,Endangered
Swietenia mahagoni,Swietenia mahagoni,2018,Near Threatened,NA,NA,NA,NA,NA,NA,65,Yes,150444653.400192,260,EN,69081034.6641193,LC,50491418.937342085,LC,24812555.135622464,LC,13,19214693.400438,52,EN,8909337.32945385,LC,11224007.978231456,LC,5064105.363530525,LC,52,149916520.777375,204,EN,67391962.4029216,LC,50040681.72166817,LC,24755765.04278651,LC,0,1,0,A2cd,0,0,1,0,0,0,0,1,1,0,1,0,0,0,0,1,1,0,0,0,0,0,0,0,0,Least Concern
Symphyotrichum nahanniense,Symphyotrichum nahanniense,2015,Near Threatened,24,24,EN,2834,2834,EN,4,Yes,2070.22324612146,16,EN,504.284629333313,EN,500.8118579668371,EN,500.8118579668371,EN,NA,NA,NA,NA,NA,NA,NA,NA,NA,NA,4,2070.22324612146,16,EN,504.284629333313,EN,500.8118579668371,EN,500.8118579668371,EN,1,0,0,NA,0,0,0,1,0,1,0,0,0,0,0,0,0,0,1,0,1,0,0,0,0,0,0,0,0,Endangered
Taxus brevifolia,Taxus brevifolia,2012,Near Threatened,NA,NA,NA,NA,NA,NA,15,Yes,15398987.234637,56,EN,2612139.00066659,LC,2259239.39231224,LC,1630851.592649996,LC,1,0,4,CR,0,CR,0,CR,0,CR,14,15398987.234637,52,EN,2612139.00066658,LC,2259239.39231224,LC,1630851.592649996,LC,0,1,0,NA,0,0,1,0,0,0,0,1,0,0,0,0,0,0,0,1,1,0,0,0,0,0,0,0,0,Least Concern
Torreya californica,Torreya californica,2011,Vulnerable,NA,NA,NA,NA,NA,NA,6,Yes,14472333.5309899,24,EN,2164294.16959389,LC,1990972.7529103544,LC,1391211.9626895203,LC,1,0,4,CR,0,CR,0,CR,0,CR,5,125232.577743099,20,EN,63702.7821972573,LC,65218.94152802997,LC,65203.842949704034,LC,0,1,0,A1cd,0,0,1,0,0,0,0,1,1,0,0,0,0,0,0,1,0,0,0,0,0,0,0,0,0,Least Concern
Torreya taxifolia,Torreya taxifolia,2010,Critically Endangered,50,50,EN,203,203,EN,3,Yes,90.2002499620428,12,EN,19.7362621250706,CR,19.79225489444616,CR,19.79225489444616,CR,NA,NA,NA,NA,NA,NA,NA,NA,NA,NA,3,90.2002499620428,12,EN,19.7362621250706,CR,19.79225489444616,CR,19.79225489444616,CR,0,0,1,A2ace,0,0,1,1,0,0,1,0,0,0,0,0,0,0,0,1,0,0,0,0,0,0,0,0,0,Critically Endangered
Tsuga canadensis,Tsuga canadensis,2011,Near Threatened,NA,NA,NA,NA,NA,NA,1838,Yes,22740181.388703,1232,VU,11451282.872357,LC,11603571.905724326,LC,3680425.759960863,LC,248,14886968.1095742,380,EN,6938533.70144756,LC,7284823.039663094,LC,1914096.568503744,LC,1590,22740181.388703,940,VU,11437781.9475287,LC,11584349.723857766,LC,3663618.3967476874,LC,0,1,0,NA,0,0,0,1,0,1,0,0,0,0,0,0,0,0,0,1,0,0,0,0,0,0,0,0,0,Least Concern
Ulmus americana,Ulmus americana,2018,Endangered,NA,NA,NA,NA,NA,NA,10978,Yes,208929235.704251,4332,LC,63503621.7073977,LC,74840140.87231411,LC,34522737.26621415,LC,9695,135860616.747793,952,VU,16054173.6008467,LC,39333937.96887133,LC,17109371.54101434,LC,1283,208392825.994111,3444,LC,63353379.319977,LC,74485696.16958897,LC,34380855.62170207,LC,0,1,0,A3e,0,0,0,1,0,1,0,0,0,0,0,0,0,0,0,1,0,0,0,0,0,0,0,0,0,Least Concern
Viola chamissoniana,Viola chamissoniana,2016,Vulnerable,NA,NA,NA,17200,17200,VU,6,Yes,159.250158417977,24,EN,95.4133378938601,CR,95.82470026684314,CR,95.82470026684314,CR,NA,NA,NA,NA,NA,NA,NA,NA,NA,NA,6,159.250158417977,24,EN,95.4133378938601,CR,95.82470026684314,CR,95.82470026684314,CR,1,0,0,B1ab(iii),1,0,0,1,0,1,0,0,0,0,0,0,0,0,0,0,1,0,0,0,0,0,0,0,0,Critically Endangered
Washingtonia filifera,Washingtonia filifera,1998,Near Threatened,NA,NA,NA,NA,NA,NA,10,Yes,1857706.72107813,32,EN,1246294.25834659,LC,1250110.7007339103,LC,502202.9881067143,LC,2,3794.88496059661,8,CR,0,CR,0,CR,0,CR,8,1821824.89827907,28,EN,1228360.12119819,LC,1232068.5109567854,LC,493353.8785310785,LC,0,1,0,NA,0,0,0,0,0,0,1,0,1,0,0,0,0,0,0,1,0,0,0,0,0,0,0,0,0,Least Concern
Wilkesia gymnoxiphium,Wilkesia gymnoxiphium,2017,Endangered,85,85,EN,181.6,181.6,EN,4,Yes,282.72545815273,16,EN,17.1220482841558,CR,17.1885556473444,CR,14.417531375211183,CR,1,0,4,CR,0,CR,0,CR,NA,NA,3,282.72545815273,12,EN,1.5645978894248,CR,1.5173437330304296,CR,1.4301839558545169,CR,1,0,0,B1ab(iii)+2ab(iii),1,1,0,1,0,1,1,0,0,0,0,0,0,0,0,0,1,0,0,0,0,0,0,0,0,Critically Endangered
Yucca necopina,Yucca necopina,2020,Vulnerable,NA,NA,NA,39828,39828,LC,97,Yes,28962.279832716,116,EN,16869.3281379072,VU,17004.372783459956,VU,17004.372783459956,VU,1,0,4,CR,0,CR,0,CR,0,CR,96,28962.279832716,100,EN,16869.3281379071,VU,17004.372783459956,VU,17004.372783459956,VU,0,0,1,A4c,0,0,0,0,0,0,0,1,1,0,0,0,1,0,0,0,1,0,0,0,0,0,0,0,0,Vulnerable
Zanthoxylum flavum,Zanthoxylum flavum,2019,Vulnerable,248,248,EN,3259116,3259116,LC,10,No,1385298.67795354,40,EN,106384.307840292,LC,97000.56376292944,LC,NA,NA,7,44293.611426501,28,EN,4028.02836357207,EN,3998.704385226145,EN,NA,NA,3,1325877.65879633,12,EN,51039.4718085789,LC,41016.98134230054,LC,NA,NA,0,1,0,A2cd,0,0,1,1,0,0,0,0,1,0,0,0,0,0,0,1,1,0,0,0,0,0,0,0,0,Least Concern
